<application>
  <component name="AndroidLogcatFilterHistory">
    <option name="mostRecentlyUsed" value="package:com.fanfanlo.droid.debug " />
    <option name="nonFavorites">
      <list>
        <option value="package:mine " />
        <option value="package:com.fanfanlo.droid.debug " />
        <option value="package:com.fanfanlo.droid.debug dispatcher test" />
        <option value="package:com.fanfanlo.droid.debug  cn is null" />
        <option value="package:com.fanfanlo.droid.debug  " />
        <option value="package:com.fanfanlo.droid.debug  isfullScreen is false," />
        <option value="package:com.fanfanlo.droid.debug  isfullScreen is true," />
        <option value="package:com.fanfanlo.droid.debug" />
        <option value="package:com.fanfanlo.droid.debug sssssssssssss" />
        <option value="package:com.baobeidaola.fanli.debug " />
        <option value="baobeidaola" />
        <option value="package:com.baobeidaola.fanli.debug is:crash " />
        <option value="package:com.baobeidaola.fanli.debug def" />
        <option value="package:com.baobeidaola.fanli.debug Successful234" />
        <option value="package:com.baobeidaola.fanli.debug Successful!" />
        <option value="package:com.baobeidaola.fanli.debug ab" />
        <option value="package:com.baobeidaola.fanli.debug ffff" />
        <option value="package:com.baobeidaola.fanli.debug aaaa" />
      </list>
    </option>
  </component>
</application>