<application>
  <component name="ProjectJdkTable">
    <jdk version="2">
      <name value="Android API 34, extension level 7 Platform" />
      <type value="Android SDK" />
      <homePath value="$USER_HOME$/AppData/Local/Android/Sdk" />
      <roots>
        <annotationsPath>
          <root type="composite">
            <root url="jar://$USER_HOME$/AppData/Local/Android/Sdk/platforms/android-34/data/annotations.zip!/" type="simple" />
          </root>
        </annotationsPath>
        <classPath>
          <root type="composite">
            <root url="jar://$USER_HOME$/AppData/Local/Android/Sdk/platforms/android-34/android.jar!/" type="simple" />
            <root url="file://$USER_HOME$/AppData/Local/Android/Sdk/platforms/android-34/data/res" type="simple" />
          </root>
        </classPath>
        <javadocPath>
          <root type="composite" />
        </javadocPath>
        <sourcePath>
          <root type="composite">
            <root url="file://$USER_HOME$/AppData/Local/Android/Sdk/sources/android-34" type="simple" />
          </root>
        </sourcePath>
      </roots>
      <additional sdk="android-34" />
    </jdk>
    <jdk version="2">
      <name value="jbr-17" />
      <type value="JavaSDK" />
      <version value="JetBrains Runtime version 17.0.6" />
      <homePath value="$APPLICATION_HOME_DIR$/jbr" />
      <roots>
        <annotationsPath>
          <root type="composite">
            <root url="jar://$APPLICATION_HOME_DIR$/plugins/java/lib/resources/jdkAnnotations.jar!/" type="simple" />
          </root>
        </annotationsPath>
        <classPath>
          <root type="composite">
            <root url="jrt://$APPLICATION_HOME_DIR$/jbr!/java.base" type="simple" />
            <root url="jrt://$APPLICATION_HOME_DIR$/jbr!/java.compiler" type="simple" />
            <root url="jrt://$APPLICATION_HOME_DIR$/jbr!/java.datatransfer" type="simple" />
            <root url="jrt://$APPLICATION_HOME_DIR$/jbr!/java.desktop" type="simple" />
            <root url="jrt://$APPLICATION_HOME_DIR$/jbr!/java.instrument" type="simple" />
            <root url="jrt://$APPLICATION_HOME_DIR$/jbr!/java.logging" type="simple" />
            <root url="jrt://$APPLICATION_HOME_DIR$/jbr!/java.management" type="simple" />
            <root url="jrt://$APPLICATION_HOME_DIR$/jbr!/java.management.rmi" type="simple" />
            <root url="jrt://$APPLICATION_HOME_DIR$/jbr!/java.naming" type="simple" />
            <root url="jrt://$APPLICATION_HOME_DIR$/jbr!/java.net.http" type="simple" />
            <root url="jrt://$APPLICATION_HOME_DIR$/jbr!/java.prefs" type="simple" />
            <root url="jrt://$APPLICATION_HOME_DIR$/jbr!/java.rmi" type="simple" />
            <root url="jrt://$APPLICATION_HOME_DIR$/jbr!/java.scripting" type="simple" />
            <root url="jrt://$APPLICATION_HOME_DIR$/jbr!/java.se" type="simple" />
            <root url="jrt://$APPLICATION_HOME_DIR$/jbr!/java.security.jgss" type="simple" />
            <root url="jrt://$APPLICATION_HOME_DIR$/jbr!/java.security.sasl" type="simple" />
            <root url="jrt://$APPLICATION_HOME_DIR$/jbr!/java.smartcardio" type="simple" />
            <root url="jrt://$APPLICATION_HOME_DIR$/jbr!/java.sql" type="simple" />
            <root url="jrt://$APPLICATION_HOME_DIR$/jbr!/java.sql.rowset" type="simple" />
            <root url="jrt://$APPLICATION_HOME_DIR$/jbr!/java.transaction.xa" type="simple" />
            <root url="jrt://$APPLICATION_HOME_DIR$/jbr!/java.xml" type="simple" />
            <root url="jrt://$APPLICATION_HOME_DIR$/jbr!/java.xml.crypto" type="simple" />
            <root url="jrt://$APPLICATION_HOME_DIR$/jbr!/jdk.accessibility" type="simple" />
            <root url="jrt://$APPLICATION_HOME_DIR$/jbr!/jdk.attach" type="simple" />
            <root url="jrt://$APPLICATION_HOME_DIR$/jbr!/jdk.charsets" type="simple" />
            <root url="jrt://$APPLICATION_HOME_DIR$/jbr!/jdk.compiler" type="simple" />
            <root url="jrt://$APPLICATION_HOME_DIR$/jbr!/jdk.crypto.cryptoki" type="simple" />
            <root url="jrt://$APPLICATION_HOME_DIR$/jbr!/jdk.crypto.ec" type="simple" />
            <root url="jrt://$APPLICATION_HOME_DIR$/jbr!/jdk.dynalink" type="simple" />
            <root url="jrt://$APPLICATION_HOME_DIR$/jbr!/jdk.hotspot.agent" type="simple" />
            <root url="jrt://$APPLICATION_HOME_DIR$/jbr!/jdk.httpserver" type="simple" />
            <root url="jrt://$APPLICATION_HOME_DIR$/jbr!/jdk.internal.ed" type="simple" />
            <root url="jrt://$APPLICATION_HOME_DIR$/jbr!/jdk.internal.jvmstat" type="simple" />
            <root url="jrt://$APPLICATION_HOME_DIR$/jbr!/jdk.internal.le" type="simple" />
            <root url="jrt://$APPLICATION_HOME_DIR$/jbr!/jdk.internal.opt" type="simple" />
            <root url="jrt://$APPLICATION_HOME_DIR$/jbr!/jdk.internal.vm.ci" type="simple" />
            <root url="jrt://$APPLICATION_HOME_DIR$/jbr!/jdk.internal.vm.compiler" type="simple" />
            <root url="jrt://$APPLICATION_HOME_DIR$/jbr!/jdk.internal.vm.compiler.management" type="simple" />
            <root url="jrt://$APPLICATION_HOME_DIR$/jbr!/jdk.jartool" type="simple" />
            <root url="jrt://$APPLICATION_HOME_DIR$/jbr!/jdk.javadoc" type="simple" />
            <root url="jrt://$APPLICATION_HOME_DIR$/jbr!/jdk.jcmd" type="simple" />
            <root url="jrt://$APPLICATION_HOME_DIR$/jbr!/jdk.jdeps" type="simple" />
            <root url="jrt://$APPLICATION_HOME_DIR$/jbr!/jdk.jdi" type="simple" />
            <root url="jrt://$APPLICATION_HOME_DIR$/jbr!/jdk.jdwp.agent" type="simple" />
            <root url="jrt://$APPLICATION_HOME_DIR$/jbr!/jdk.jfr" type="simple" />
            <root url="jrt://$APPLICATION_HOME_DIR$/jbr!/jdk.jlink" type="simple" />
            <root url="jrt://$APPLICATION_HOME_DIR$/jbr!/jdk.jsobject" type="simple" />
            <root url="jrt://$APPLICATION_HOME_DIR$/jbr!/jdk.localedata" type="simple" />
            <root url="jrt://$APPLICATION_HOME_DIR$/jbr!/jdk.management" type="simple" />
            <root url="jrt://$APPLICATION_HOME_DIR$/jbr!/jdk.management.agent" type="simple" />
            <root url="jrt://$APPLICATION_HOME_DIR$/jbr!/jdk.management.jfr" type="simple" />
            <root url="jrt://$APPLICATION_HOME_DIR$/jbr!/jdk.naming.dns" type="simple" />
            <root url="jrt://$APPLICATION_HOME_DIR$/jbr!/jdk.naming.rmi" type="simple" />
            <root url="jrt://$APPLICATION_HOME_DIR$/jbr!/jdk.net" type="simple" />
            <root url="jrt://$APPLICATION_HOME_DIR$/jbr!/jdk.sctp" type="simple" />
            <root url="jrt://$APPLICATION_HOME_DIR$/jbr!/jdk.security.auth" type="simple" />
            <root url="jrt://$APPLICATION_HOME_DIR$/jbr!/jdk.security.jgss" type="simple" />
            <root url="jrt://$APPLICATION_HOME_DIR$/jbr!/jdk.unsupported" type="simple" />
            <root url="jrt://$APPLICATION_HOME_DIR$/jbr!/jdk.unsupported.desktop" type="simple" />
            <root url="jrt://$APPLICATION_HOME_DIR$/jbr!/jdk.xml.dom" type="simple" />
            <root url="jrt://$APPLICATION_HOME_DIR$/jbr!/jdk.zipfs" type="simple" />
          </root>
        </classPath>
        <javadocPath>
          <root type="composite" />
        </javadocPath>
        <sourcePath>
          <root type="composite" />
        </sourcePath>
      </roots>
      <additional />
    </jdk>
    <jdk version="2">
      <name value="Android API 33, extension level 3 Platform" />
      <type value="Android SDK" />
      <homePath value="$USER_HOME$/AppData/Local/Android/Sdk" />
      <roots>
        <annotationsPath>
          <root type="composite">
            <root url="jar://$USER_HOME$/AppData/Local/Android/Sdk/platforms/android-33/data/annotations.zip!/" type="simple" />
          </root>
        </annotationsPath>
        <classPath>
          <root type="composite">
            <root url="jar://$USER_HOME$/AppData/Local/Android/Sdk/platforms/android-33/android.jar!/" type="simple" />
            <root url="file://$USER_HOME$/AppData/Local/Android/Sdk/platforms/android-33/data/res" type="simple" />
          </root>
        </classPath>
        <javadocPath>
          <root type="composite" />
        </javadocPath>
        <sourcePath>
          <root type="composite">
            <root url="file://$USER_HOME$/AppData/Local/Android/Sdk/sources/android-33" type="simple" />
          </root>
        </sourcePath>
      </roots>
      <additional sdk="android-33" />
    </jdk>
    <jdk version="2">
      <name value="Android API 31 Platform" />
      <type value="Android SDK" />
      <homePath value="$USER_HOME$/AppData/Local/Android/Sdk" />
      <roots>
        <annotationsPath>
          <root type="composite">
            <root url="jar://$USER_HOME$/AppData/Local/Android/Sdk/platforms/android-31/data/annotations.zip!/" type="simple" />
          </root>
        </annotationsPath>
        <classPath>
          <root type="composite">
            <root url="jar://$USER_HOME$/AppData/Local/Android/Sdk/platforms/android-31/android.jar!/" type="simple" />
            <root url="file://$USER_HOME$/AppData/Local/Android/Sdk/platforms/android-31/data/res" type="simple" />
          </root>
        </classPath>
        <javadocPath>
          <root type="composite">
            <root url="http://developer.android.com/reference/" type="simple" />
          </root>
        </javadocPath>
        <sourcePath>
          <root type="composite" />
        </sourcePath>
      </roots>
      <additional sdk="android-31" />
    </jdk>
    <jdk version="2">
      <name value="corretto-11" />
      <type value="JavaSDK" />
      <version value="Amazon Corretto version 11.0.20" />
      <homePath value="$USER_HOME$/.jdks/corretto-11.0.20.1" />
      <roots>
        <annotationsPath>
          <root type="composite">
            <root url="jar://$APPLICATION_HOME_DIR$/plugins/java/lib/resources/jdkAnnotations.jar!/" type="simple" />
          </root>
        </annotationsPath>
        <classPath>
          <root type="composite">
            <root url="jrt://$USER_HOME$/.jdks/corretto-11.0.20.1!/java.base" type="simple" />
            <root url="jrt://$USER_HOME$/.jdks/corretto-11.0.20.1!/java.compiler" type="simple" />
            <root url="jrt://$USER_HOME$/.jdks/corretto-11.0.20.1!/java.datatransfer" type="simple" />
            <root url="jrt://$USER_HOME$/.jdks/corretto-11.0.20.1!/java.desktop" type="simple" />
            <root url="jrt://$USER_HOME$/.jdks/corretto-11.0.20.1!/java.instrument" type="simple" />
            <root url="jrt://$USER_HOME$/.jdks/corretto-11.0.20.1!/java.logging" type="simple" />
            <root url="jrt://$USER_HOME$/.jdks/corretto-11.0.20.1!/java.management" type="simple" />
            <root url="jrt://$USER_HOME$/.jdks/corretto-11.0.20.1!/java.management.rmi" type="simple" />
            <root url="jrt://$USER_HOME$/.jdks/corretto-11.0.20.1!/java.naming" type="simple" />
            <root url="jrt://$USER_HOME$/.jdks/corretto-11.0.20.1!/java.net.http" type="simple" />
            <root url="jrt://$USER_HOME$/.jdks/corretto-11.0.20.1!/java.prefs" type="simple" />
            <root url="jrt://$USER_HOME$/.jdks/corretto-11.0.20.1!/java.rmi" type="simple" />
            <root url="jrt://$USER_HOME$/.jdks/corretto-11.0.20.1!/java.scripting" type="simple" />
            <root url="jrt://$USER_HOME$/.jdks/corretto-11.0.20.1!/java.se" type="simple" />
            <root url="jrt://$USER_HOME$/.jdks/corretto-11.0.20.1!/java.security.jgss" type="simple" />
            <root url="jrt://$USER_HOME$/.jdks/corretto-11.0.20.1!/java.security.sasl" type="simple" />
            <root url="jrt://$USER_HOME$/.jdks/corretto-11.0.20.1!/java.smartcardio" type="simple" />
            <root url="jrt://$USER_HOME$/.jdks/corretto-11.0.20.1!/java.sql" type="simple" />
            <root url="jrt://$USER_HOME$/.jdks/corretto-11.0.20.1!/java.sql.rowset" type="simple" />
            <root url="jrt://$USER_HOME$/.jdks/corretto-11.0.20.1!/java.transaction.xa" type="simple" />
            <root url="jrt://$USER_HOME$/.jdks/corretto-11.0.20.1!/java.xml" type="simple" />
            <root url="jrt://$USER_HOME$/.jdks/corretto-11.0.20.1!/java.xml.crypto" type="simple" />
            <root url="jrt://$USER_HOME$/.jdks/corretto-11.0.20.1!/jdk.accessibility" type="simple" />
            <root url="jrt://$USER_HOME$/.jdks/corretto-11.0.20.1!/jdk.aot" type="simple" />
            <root url="jrt://$USER_HOME$/.jdks/corretto-11.0.20.1!/jdk.attach" type="simple" />
            <root url="jrt://$USER_HOME$/.jdks/corretto-11.0.20.1!/jdk.charsets" type="simple" />
            <root url="jrt://$USER_HOME$/.jdks/corretto-11.0.20.1!/jdk.compiler" type="simple" />
            <root url="jrt://$USER_HOME$/.jdks/corretto-11.0.20.1!/jdk.crypto.cryptoki" type="simple" />
            <root url="jrt://$USER_HOME$/.jdks/corretto-11.0.20.1!/jdk.crypto.ec" type="simple" />
            <root url="jrt://$USER_HOME$/.jdks/corretto-11.0.20.1!/jdk.crypto.mscapi" type="simple" />
            <root url="jrt://$USER_HOME$/.jdks/corretto-11.0.20.1!/jdk.dynalink" type="simple" />
            <root url="jrt://$USER_HOME$/.jdks/corretto-11.0.20.1!/jdk.editpad" type="simple" />
            <root url="jrt://$USER_HOME$/.jdks/corretto-11.0.20.1!/jdk.hotspot.agent" type="simple" />
            <root url="jrt://$USER_HOME$/.jdks/corretto-11.0.20.1!/jdk.httpserver" type="simple" />
            <root url="jrt://$USER_HOME$/.jdks/corretto-11.0.20.1!/jdk.internal.ed" type="simple" />
            <root url="jrt://$USER_HOME$/.jdks/corretto-11.0.20.1!/jdk.internal.jvmstat" type="simple" />
            <root url="jrt://$USER_HOME$/.jdks/corretto-11.0.20.1!/jdk.internal.le" type="simple" />
            <root url="jrt://$USER_HOME$/.jdks/corretto-11.0.20.1!/jdk.internal.opt" type="simple" />
            <root url="jrt://$USER_HOME$/.jdks/corretto-11.0.20.1!/jdk.internal.vm.ci" type="simple" />
            <root url="jrt://$USER_HOME$/.jdks/corretto-11.0.20.1!/jdk.internal.vm.compiler" type="simple" />
            <root url="jrt://$USER_HOME$/.jdks/corretto-11.0.20.1!/jdk.internal.vm.compiler.management" type="simple" />
            <root url="jrt://$USER_HOME$/.jdks/corretto-11.0.20.1!/jdk.jartool" type="simple" />
            <root url="jrt://$USER_HOME$/.jdks/corretto-11.0.20.1!/jdk.javadoc" type="simple" />
            <root url="jrt://$USER_HOME$/.jdks/corretto-11.0.20.1!/jdk.jcmd" type="simple" />
            <root url="jrt://$USER_HOME$/.jdks/corretto-11.0.20.1!/jdk.jconsole" type="simple" />
            <root url="jrt://$USER_HOME$/.jdks/corretto-11.0.20.1!/jdk.jdeps" type="simple" />
            <root url="jrt://$USER_HOME$/.jdks/corretto-11.0.20.1!/jdk.jdi" type="simple" />
            <root url="jrt://$USER_HOME$/.jdks/corretto-11.0.20.1!/jdk.jdwp.agent" type="simple" />
            <root url="jrt://$USER_HOME$/.jdks/corretto-11.0.20.1!/jdk.jfr" type="simple" />
            <root url="jrt://$USER_HOME$/.jdks/corretto-11.0.20.1!/jdk.jlink" type="simple" />
            <root url="jrt://$USER_HOME$/.jdks/corretto-11.0.20.1!/jdk.jshell" type="simple" />
            <root url="jrt://$USER_HOME$/.jdks/corretto-11.0.20.1!/jdk.jsobject" type="simple" />
            <root url="jrt://$USER_HOME$/.jdks/corretto-11.0.20.1!/jdk.jstatd" type="simple" />
            <root url="jrt://$USER_HOME$/.jdks/corretto-11.0.20.1!/jdk.localedata" type="simple" />
            <root url="jrt://$USER_HOME$/.jdks/corretto-11.0.20.1!/jdk.management" type="simple" />
            <root url="jrt://$USER_HOME$/.jdks/corretto-11.0.20.1!/jdk.management.agent" type="simple" />
            <root url="jrt://$USER_HOME$/.jdks/corretto-11.0.20.1!/jdk.management.jfr" type="simple" />
            <root url="jrt://$USER_HOME$/.jdks/corretto-11.0.20.1!/jdk.naming.dns" type="simple" />
            <root url="jrt://$USER_HOME$/.jdks/corretto-11.0.20.1!/jdk.naming.ldap" type="simple" />
            <root url="jrt://$USER_HOME$/.jdks/corretto-11.0.20.1!/jdk.naming.rmi" type="simple" />
            <root url="jrt://$USER_HOME$/.jdks/corretto-11.0.20.1!/jdk.net" type="simple" />
            <root url="jrt://$USER_HOME$/.jdks/corretto-11.0.20.1!/jdk.pack" type="simple" />
            <root url="jrt://$USER_HOME$/.jdks/corretto-11.0.20.1!/jdk.rmic" type="simple" />
            <root url="jrt://$USER_HOME$/.jdks/corretto-11.0.20.1!/jdk.scripting.nashorn" type="simple" />
            <root url="jrt://$USER_HOME$/.jdks/corretto-11.0.20.1!/jdk.scripting.nashorn.shell" type="simple" />
            <root url="jrt://$USER_HOME$/.jdks/corretto-11.0.20.1!/jdk.sctp" type="simple" />
            <root url="jrt://$USER_HOME$/.jdks/corretto-11.0.20.1!/jdk.security.auth" type="simple" />
            <root url="jrt://$USER_HOME$/.jdks/corretto-11.0.20.1!/jdk.security.jgss" type="simple" />
            <root url="jrt://$USER_HOME$/.jdks/corretto-11.0.20.1!/jdk.unsupported" type="simple" />
            <root url="jrt://$USER_HOME$/.jdks/corretto-11.0.20.1!/jdk.unsupported.desktop" type="simple" />
            <root url="jrt://$USER_HOME$/.jdks/corretto-11.0.20.1!/jdk.xml.dom" type="simple" />
            <root url="jrt://$USER_HOME$/.jdks/corretto-11.0.20.1!/jdk.zipfs" type="simple" />
          </root>
        </classPath>
        <javadocPath>
          <root type="composite" />
        </javadocPath>
        <sourcePath>
          <root type="composite">
            <root url="jar://$USER_HOME$/.jdks/corretto-11.0.20.1/lib/src.zip!/java.se" type="simple" />
            <root url="jar://$USER_HOME$/.jdks/corretto-11.0.20.1/lib/src.zip!/jdk.aot" type="simple" />
            <root url="jar://$USER_HOME$/.jdks/corretto-11.0.20.1/lib/src.zip!/jdk.jdi" type="simple" />
            <root url="jar://$USER_HOME$/.jdks/corretto-11.0.20.1/lib/src.zip!/jdk.jfr" type="simple" />
            <root url="jar://$USER_HOME$/.jdks/corretto-11.0.20.1/lib/src.zip!/jdk.net" type="simple" />
            <root url="jar://$USER_HOME$/.jdks/corretto-11.0.20.1/lib/src.zip!/java.rmi" type="simple" />
            <root url="jar://$USER_HOME$/.jdks/corretto-11.0.20.1/lib/src.zip!/java.sql" type="simple" />
            <root url="jar://$USER_HOME$/.jdks/corretto-11.0.20.1/lib/src.zip!/java.xml" type="simple" />
            <root url="jar://$USER_HOME$/.jdks/corretto-11.0.20.1/lib/src.zip!/jdk.jcmd" type="simple" />
            <root url="jar://$USER_HOME$/.jdks/corretto-11.0.20.1/lib/src.zip!/jdk.pack" type="simple" />
            <root url="jar://$USER_HOME$/.jdks/corretto-11.0.20.1/lib/src.zip!/jdk.rmic" type="simple" />
            <root url="jar://$USER_HOME$/.jdks/corretto-11.0.20.1/lib/src.zip!/jdk.sctp" type="simple" />
            <root url="jar://$USER_HOME$/.jdks/corretto-11.0.20.1/lib/src.zip!/java.base" type="simple" />
            <root url="jar://$USER_HOME$/.jdks/corretto-11.0.20.1/lib/src.zip!/jdk.jdeps" type="simple" />
            <root url="jar://$USER_HOME$/.jdks/corretto-11.0.20.1/lib/src.zip!/jdk.jlink" type="simple" />
            <root url="jar://$USER_HOME$/.jdks/corretto-11.0.20.1/lib/src.zip!/jdk.zipfs" type="simple" />
            <root url="jar://$USER_HOME$/.jdks/corretto-11.0.20.1/lib/src.zip!/java.prefs" type="simple" />
            <root url="jar://$USER_HOME$/.jdks/corretto-11.0.20.1/lib/src.zip!/jdk.attach" type="simple" />
            <root url="jar://$USER_HOME$/.jdks/corretto-11.0.20.1/lib/src.zip!/jdk.jshell" type="simple" />
            <root url="jar://$USER_HOME$/.jdks/corretto-11.0.20.1/lib/src.zip!/jdk.jstatd" type="simple" />
            <root url="jar://$USER_HOME$/.jdks/corretto-11.0.20.1/lib/src.zip!/java.naming" type="simple" />
            <root url="jar://$USER_HOME$/.jdks/corretto-11.0.20.1/lib/src.zip!/jdk.editpad" type="simple" />
            <root url="jar://$USER_HOME$/.jdks/corretto-11.0.20.1/lib/src.zip!/jdk.jartool" type="simple" />
            <root url="jar://$USER_HOME$/.jdks/corretto-11.0.20.1/lib/src.zip!/jdk.javadoc" type="simple" />
            <root url="jar://$USER_HOME$/.jdks/corretto-11.0.20.1/lib/src.zip!/jdk.xml.dom" type="simple" />
            <root url="jar://$USER_HOME$/.jdks/corretto-11.0.20.1/lib/src.zip!/java.desktop" type="simple" />
            <root url="jar://$USER_HOME$/.jdks/corretto-11.0.20.1/lib/src.zip!/java.logging" type="simple" />
            <root url="jar://$USER_HOME$/.jdks/corretto-11.0.20.1/lib/src.zip!/jdk.charsets" type="simple" />
            <root url="jar://$USER_HOME$/.jdks/corretto-11.0.20.1/lib/src.zip!/jdk.compiler" type="simple" />
            <root url="jar://$USER_HOME$/.jdks/corretto-11.0.20.1/lib/src.zip!/jdk.dynalink" type="simple" />
            <root url="jar://$USER_HOME$/.jdks/corretto-11.0.20.1/lib/src.zip!/jdk.jconsole" type="simple" />
            <root url="jar://$USER_HOME$/.jdks/corretto-11.0.20.1/lib/src.zip!/jdk.jsobject" type="simple" />
            <root url="jar://$USER_HOME$/.jdks/corretto-11.0.20.1/lib/src.zip!/java.compiler" type="simple" />
            <root url="jar://$USER_HOME$/.jdks/corretto-11.0.20.1/lib/src.zip!/java.net.http" type="simple" />
            <root url="jar://$USER_HOME$/.jdks/corretto-11.0.20.1/lib/src.zip!/jdk.crypto.ec" type="simple" />
            <root url="jar://$USER_HOME$/.jdks/corretto-11.0.20.1/lib/src.zip!/java.scripting" type="simple" />
            <root url="jar://$USER_HOME$/.jdks/corretto-11.0.20.1/lib/src.zip!/jdk.httpserver" type="simple" />
            <root url="jar://$USER_HOME$/.jdks/corretto-11.0.20.1/lib/src.zip!/jdk.jdwp.agent" type="simple" />
            <root url="jar://$USER_HOME$/.jdks/corretto-11.0.20.1/lib/src.zip!/jdk.localedata" type="simple" />
            <root url="jar://$USER_HOME$/.jdks/corretto-11.0.20.1/lib/src.zip!/jdk.management" type="simple" />
            <root url="jar://$USER_HOME$/.jdks/corretto-11.0.20.1/lib/src.zip!/jdk.naming.dns" type="simple" />
            <root url="jar://$USER_HOME$/.jdks/corretto-11.0.20.1/lib/src.zip!/jdk.naming.rmi" type="simple" />
            <root url="jar://$USER_HOME$/.jdks/corretto-11.0.20.1/lib/src.zip!/java.instrument" type="simple" />
            <root url="jar://$USER_HOME$/.jdks/corretto-11.0.20.1/lib/src.zip!/java.management" type="simple" />
            <root url="jar://$USER_HOME$/.jdks/corretto-11.0.20.1/lib/src.zip!/java.sql.rowset" type="simple" />
            <root url="jar://$USER_HOME$/.jdks/corretto-11.0.20.1/lib/src.zip!/java.xml.crypto" type="simple" />
            <root url="jar://$USER_HOME$/.jdks/corretto-11.0.20.1/lib/src.zip!/jdk.internal.ed" type="simple" />
            <root url="jar://$USER_HOME$/.jdks/corretto-11.0.20.1/lib/src.zip!/jdk.internal.le" type="simple" />
            <root url="jar://$USER_HOME$/.jdks/corretto-11.0.20.1/lib/src.zip!/jdk.naming.ldap" type="simple" />
            <root url="jar://$USER_HOME$/.jdks/corretto-11.0.20.1/lib/src.zip!/jdk.unsupported" type="simple" />
            <root url="jar://$USER_HOME$/.jdks/corretto-11.0.20.1/lib/src.zip!/java.smartcardio" type="simple" />
            <root url="jar://$USER_HOME$/.jdks/corretto-11.0.20.1/lib/src.zip!/jdk.internal.opt" type="simple" />
            <root url="jar://$USER_HOME$/.jdks/corretto-11.0.20.1/lib/src.zip!/java.datatransfer" type="simple" />
            <root url="jar://$USER_HOME$/.jdks/corretto-11.0.20.1/lib/src.zip!/jdk.accessibility" type="simple" />
            <root url="jar://$USER_HOME$/.jdks/corretto-11.0.20.1/lib/src.zip!/jdk.crypto.mscapi" type="simple" />
            <root url="jar://$USER_HOME$/.jdks/corretto-11.0.20.1/lib/src.zip!/jdk.hotspot.agent" type="simple" />
            <root url="jar://$USER_HOME$/.jdks/corretto-11.0.20.1/lib/src.zip!/jdk.security.auth" type="simple" />
            <root url="jar://$USER_HOME$/.jdks/corretto-11.0.20.1/lib/src.zip!/jdk.security.jgss" type="simple" />
            <root url="jar://$USER_HOME$/.jdks/corretto-11.0.20.1/lib/src.zip!/java.security.jgss" type="simple" />
            <root url="jar://$USER_HOME$/.jdks/corretto-11.0.20.1/lib/src.zip!/java.security.sasl" type="simple" />
            <root url="jar://$USER_HOME$/.jdks/corretto-11.0.20.1/lib/src.zip!/jdk.internal.vm.ci" type="simple" />
            <root url="jar://$USER_HOME$/.jdks/corretto-11.0.20.1/lib/src.zip!/jdk.management.jfr" type="simple" />
            <root url="jar://$USER_HOME$/.jdks/corretto-11.0.20.1/lib/src.zip!/java.management.rmi" type="simple" />
            <root url="jar://$USER_HOME$/.jdks/corretto-11.0.20.1/lib/src.zip!/java.transaction.xa" type="simple" />
            <root url="jar://$USER_HOME$/.jdks/corretto-11.0.20.1/lib/src.zip!/jdk.crypto.cryptoki" type="simple" />
            <root url="jar://$USER_HOME$/.jdks/corretto-11.0.20.1/lib/src.zip!/jdk.internal.jvmstat" type="simple" />
            <root url="jar://$USER_HOME$/.jdks/corretto-11.0.20.1/lib/src.zip!/jdk.management.agent" type="simple" />
            <root url="jar://$USER_HOME$/.jdks/corretto-11.0.20.1/lib/src.zip!/jdk.scripting.nashorn" type="simple" />
            <root url="jar://$USER_HOME$/.jdks/corretto-11.0.20.1/lib/src.zip!/jdk.unsupported.desktop" type="simple" />
            <root url="jar://$USER_HOME$/.jdks/corretto-11.0.20.1/lib/src.zip!/jdk.internal.vm.compiler" type="simple" />
            <root url="jar://$USER_HOME$/.jdks/corretto-11.0.20.1/lib/src.zip!/jdk.scripting.nashorn.shell" type="simple" />
            <root url="jar://$USER_HOME$/.jdks/corretto-11.0.20.1/lib/src.zip!/jdk.internal.vm.compiler.management" type="simple" />
          </root>
        </sourcePath>
      </roots>
      <additional />
    </jdk>
    <jdk version="2">
      <name value="Android API 28 Platform" />
      <type value="Android SDK" />
      <homePath value="$USER_HOME$/AppData/Local/Android/Sdk" />
      <roots>
        <annotationsPath>
          <root type="composite">
            <root url="jar://$USER_HOME$/AppData/Local/Android/Sdk/platforms/android-28/data/annotations.zip!/" type="simple" />
          </root>
        </annotationsPath>
        <classPath>
          <root type="composite">
            <root url="jar://$USER_HOME$/AppData/Local/Android/Sdk/platforms/android-28/android.jar!/" type="simple" />
            <root url="file://$USER_HOME$/AppData/Local/Android/Sdk/platforms/android-28/data/res" type="simple" />
          </root>
        </classPath>
        <javadocPath>
          <root type="composite">
            <root url="http://developer.android.com/reference/" type="simple" />
          </root>
        </javadocPath>
        <sourcePath>
          <root type="composite" />
        </sourcePath>
      </roots>
      <additional sdk="android-28" />
    </jdk>
    <jdk version="2">
      <name value="corretto-1.8" />
      <type value="JavaSDK" />
      <version value="Amazon Corretto version 1.8.0_382" />
      <homePath value="$USER_HOME$/.jdks/corretto-1.8.0_382" />
      <roots>
        <annotationsPath>
          <root type="composite">
            <root url="jar://$APPLICATION_HOME_DIR$/plugins/java/lib/resources/jdkAnnotations.jar!/" type="simple" />
          </root>
        </annotationsPath>
        <classPath>
          <root type="composite">
            <root url="jar://$USER_HOME$/.jdks/corretto-1.8.0_382/jre/lib/charsets.jar!/" type="simple" />
            <root url="jar://$USER_HOME$/.jdks/corretto-1.8.0_382/jre/lib/ext/access-bridge-64.jar!/" type="simple" />
            <root url="jar://$USER_HOME$/.jdks/corretto-1.8.0_382/jre/lib/ext/cldrdata.jar!/" type="simple" />
            <root url="jar://$USER_HOME$/.jdks/corretto-1.8.0_382/jre/lib/ext/dnsns.jar!/" type="simple" />
            <root url="jar://$USER_HOME$/.jdks/corretto-1.8.0_382/jre/lib/ext/jaccess.jar!/" type="simple" />
            <root url="jar://$USER_HOME$/.jdks/corretto-1.8.0_382/jre/lib/ext/jfxrt.jar!/" type="simple" />
            <root url="jar://$USER_HOME$/.jdks/corretto-1.8.0_382/jre/lib/ext/localedata.jar!/" type="simple" />
            <root url="jar://$USER_HOME$/.jdks/corretto-1.8.0_382/jre/lib/ext/nashorn.jar!/" type="simple" />
            <root url="jar://$USER_HOME$/.jdks/corretto-1.8.0_382/jre/lib/ext/sunec.jar!/" type="simple" />
            <root url="jar://$USER_HOME$/.jdks/corretto-1.8.0_382/jre/lib/ext/sunjce_provider.jar!/" type="simple" />
            <root url="jar://$USER_HOME$/.jdks/corretto-1.8.0_382/jre/lib/ext/sunmscapi.jar!/" type="simple" />
            <root url="jar://$USER_HOME$/.jdks/corretto-1.8.0_382/jre/lib/ext/sunpkcs11.jar!/" type="simple" />
            <root url="jar://$USER_HOME$/.jdks/corretto-1.8.0_382/jre/lib/ext/zipfs.jar!/" type="simple" />
            <root url="jar://$USER_HOME$/.jdks/corretto-1.8.0_382/jre/lib/jce.jar!/" type="simple" />
            <root url="jar://$USER_HOME$/.jdks/corretto-1.8.0_382/jre/lib/jfr.jar!/" type="simple" />
            <root url="jar://$USER_HOME$/.jdks/corretto-1.8.0_382/jre/lib/jfxswt.jar!/" type="simple" />
            <root url="jar://$USER_HOME$/.jdks/corretto-1.8.0_382/jre/lib/jsse.jar!/" type="simple" />
            <root url="jar://$USER_HOME$/.jdks/corretto-1.8.0_382/jre/lib/management-agent.jar!/" type="simple" />
            <root url="jar://$USER_HOME$/.jdks/corretto-1.8.0_382/jre/lib/resources.jar!/" type="simple" />
            <root url="jar://$USER_HOME$/.jdks/corretto-1.8.0_382/jre/lib/rt.jar!/" type="simple" />
          </root>
        </classPath>
        <javadocPath>
          <root type="composite" />
        </javadocPath>
        <sourcePath>
          <root type="composite">
            <root url="jar://$USER_HOME$/.jdks/corretto-1.8.0_382/src.zip!/" type="simple" />
            <root url="jar://$USER_HOME$/.jdks/corretto-1.8.0_382/javafx-src.zip!/" type="simple" />
          </root>
        </sourcePath>
      </roots>
      <additional />
    </jdk>
    <jdk version="2">
      <name value="temurin-1.8" />
      <type value="JavaSDK" />
      <version value="Eclipse Temurin version 1.8.0_382" />
      <homePath value="$USER_HOME$/.jdks/temurin-1.8.0_382" />
      <roots>
        <annotationsPath>
          <root type="composite">
            <root url="jar://$APPLICATION_HOME_DIR$/plugins/java/lib/resources/jdkAnnotations.jar!/" type="simple" />
          </root>
        </annotationsPath>
        <classPath>
          <root type="composite">
            <root url="jar://$USER_HOME$/.jdks/temurin-1.8.0_382/jre/lib/charsets.jar!/" type="simple" />
            <root url="jar://$USER_HOME$/.jdks/temurin-1.8.0_382/jre/lib/ext/access-bridge-64.jar!/" type="simple" />
            <root url="jar://$USER_HOME$/.jdks/temurin-1.8.0_382/jre/lib/ext/cldrdata.jar!/" type="simple" />
            <root url="jar://$USER_HOME$/.jdks/temurin-1.8.0_382/jre/lib/ext/dnsns.jar!/" type="simple" />
            <root url="jar://$USER_HOME$/.jdks/temurin-1.8.0_382/jre/lib/ext/jaccess.jar!/" type="simple" />
            <root url="jar://$USER_HOME$/.jdks/temurin-1.8.0_382/jre/lib/ext/localedata.jar!/" type="simple" />
            <root url="jar://$USER_HOME$/.jdks/temurin-1.8.0_382/jre/lib/ext/nashorn.jar!/" type="simple" />
            <root url="jar://$USER_HOME$/.jdks/temurin-1.8.0_382/jre/lib/ext/sunec.jar!/" type="simple" />
            <root url="jar://$USER_HOME$/.jdks/temurin-1.8.0_382/jre/lib/ext/sunjce_provider.jar!/" type="simple" />
            <root url="jar://$USER_HOME$/.jdks/temurin-1.8.0_382/jre/lib/ext/sunmscapi.jar!/" type="simple" />
            <root url="jar://$USER_HOME$/.jdks/temurin-1.8.0_382/jre/lib/ext/sunpkcs11.jar!/" type="simple" />
            <root url="jar://$USER_HOME$/.jdks/temurin-1.8.0_382/jre/lib/ext/zipfs.jar!/" type="simple" />
            <root url="jar://$USER_HOME$/.jdks/temurin-1.8.0_382/jre/lib/jce.jar!/" type="simple" />
            <root url="jar://$USER_HOME$/.jdks/temurin-1.8.0_382/jre/lib/jfr.jar!/" type="simple" />
            <root url="jar://$USER_HOME$/.jdks/temurin-1.8.0_382/jre/lib/jsse.jar!/" type="simple" />
            <root url="jar://$USER_HOME$/.jdks/temurin-1.8.0_382/jre/lib/management-agent.jar!/" type="simple" />
            <root url="jar://$USER_HOME$/.jdks/temurin-1.8.0_382/jre/lib/resources.jar!/" type="simple" />
            <root url="jar://$USER_HOME$/.jdks/temurin-1.8.0_382/jre/lib/rt.jar!/" type="simple" />
          </root>
        </classPath>
        <javadocPath>
          <root type="composite" />
        </javadocPath>
        <sourcePath>
          <root type="composite">
            <root url="jar://$USER_HOME$/.jdks/temurin-1.8.0_382/src.zip!/" type="simple" />
          </root>
        </sourcePath>
      </roots>
      <additional />
    </jdk>
    <jdk version="2">
      <name value="Android API 29 Platform" />
      <type value="Android SDK" />
      <homePath value="$USER_HOME$/AppData/Local/Android/Sdk" />
      <roots>
        <annotationsPath>
          <root type="composite">
            <root url="jar://$USER_HOME$/AppData/Local/Android/Sdk/platforms/android-29/data/annotations.zip!/" type="simple" />
          </root>
        </annotationsPath>
        <classPath>
          <root type="composite">
            <root url="jar://$USER_HOME$/AppData/Local/Android/Sdk/platforms/android-29/android.jar!/" type="simple" />
            <root url="file://$USER_HOME$/AppData/Local/Android/Sdk/platforms/android-29/data/res" type="simple" />
          </root>
        </classPath>
        <javadocPath>
          <root type="composite">
            <root url="http://developer.android.com/reference/" type="simple" />
          </root>
        </javadocPath>
        <sourcePath>
          <root type="composite" />
        </sourcePath>
      </roots>
      <additional sdk="android-29" />
    </jdk>
    <jdk version="2">
      <name value="Android API 32 Platform" />
      <type value="Android SDK" />
      <homePath value="$USER_HOME$/AppData/Local/Android/Sdk" />
      <roots>
        <annotationsPath>
          <root type="composite">
            <root url="jar://$USER_HOME$/AppData/Local/Android/Sdk/platforms/android-32/data/annotations.zip!/" type="simple" />
          </root>
        </annotationsPath>
        <classPath>
          <root type="composite">
            <root url="jar://$USER_HOME$/AppData/Local/Android/Sdk/platforms/android-32/android.jar!/" type="simple" />
            <root url="file://$USER_HOME$/AppData/Local/Android/Sdk/platforms/android-32/data/res" type="simple" />
          </root>
        </classPath>
        <javadocPath>
          <root type="composite">
            <root url="http://developer.android.com/reference/" type="simple" />
          </root>
        </javadocPath>
        <sourcePath>
          <root type="composite" />
        </sourcePath>
      </roots>
      <additional sdk="android-32" />
    </jdk>
    <jdk version="2">
      <name value="Kotlin SDK" />
      <type value="KotlinSDK" />
      <homePath value="" />
      <roots>
        <annotationsPath>
          <root type="composite" />
        </annotationsPath>
        <classPath>
          <root type="composite" />
        </classPath>
        <javadocPath>
          <root type="composite" />
        </javadocPath>
        <sourcePath>
          <root type="composite" />
        </sourcePath>
      </roots>
      <additional />
    </jdk>
    <jdk version="2">
      <name value="openjdk-21" />
      <type value="JavaSDK" />
      <version value="Oracle OpenJDK version 21" />
      <homePath value="$USER_HOME$/.jdks/openjdk-21" />
      <roots>
        <annotationsPath>
          <root type="composite">
            <root url="jar://$APPLICATION_HOME_DIR$/plugins/java/lib/resources/jdkAnnotations.jar!/" type="simple" />
          </root>
        </annotationsPath>
        <classPath>
          <root type="composite">
            <root url="jrt://$USER_HOME$/.jdks/openjdk-21!/java.base" type="simple" />
            <root url="jrt://$USER_HOME$/.jdks/openjdk-21!/java.compiler" type="simple" />
            <root url="jrt://$USER_HOME$/.jdks/openjdk-21!/java.datatransfer" type="simple" />
            <root url="jrt://$USER_HOME$/.jdks/openjdk-21!/java.desktop" type="simple" />
            <root url="jrt://$USER_HOME$/.jdks/openjdk-21!/java.instrument" type="simple" />
            <root url="jrt://$USER_HOME$/.jdks/openjdk-21!/java.logging" type="simple" />
            <root url="jrt://$USER_HOME$/.jdks/openjdk-21!/java.management" type="simple" />
            <root url="jrt://$USER_HOME$/.jdks/openjdk-21!/java.management.rmi" type="simple" />
            <root url="jrt://$USER_HOME$/.jdks/openjdk-21!/java.naming" type="simple" />
            <root url="jrt://$USER_HOME$/.jdks/openjdk-21!/java.net.http" type="simple" />
            <root url="jrt://$USER_HOME$/.jdks/openjdk-21!/java.prefs" type="simple" />
            <root url="jrt://$USER_HOME$/.jdks/openjdk-21!/java.rmi" type="simple" />
            <root url="jrt://$USER_HOME$/.jdks/openjdk-21!/java.scripting" type="simple" />
            <root url="jrt://$USER_HOME$/.jdks/openjdk-21!/java.se" type="simple" />
            <root url="jrt://$USER_HOME$/.jdks/openjdk-21!/java.security.jgss" type="simple" />
            <root url="jrt://$USER_HOME$/.jdks/openjdk-21!/java.security.sasl" type="simple" />
            <root url="jrt://$USER_HOME$/.jdks/openjdk-21!/java.smartcardio" type="simple" />
            <root url="jrt://$USER_HOME$/.jdks/openjdk-21!/java.sql" type="simple" />
            <root url="jrt://$USER_HOME$/.jdks/openjdk-21!/java.sql.rowset" type="simple" />
            <root url="jrt://$USER_HOME$/.jdks/openjdk-21!/java.transaction.xa" type="simple" />
            <root url="jrt://$USER_HOME$/.jdks/openjdk-21!/java.xml" type="simple" />
            <root url="jrt://$USER_HOME$/.jdks/openjdk-21!/java.xml.crypto" type="simple" />
            <root url="jrt://$USER_HOME$/.jdks/openjdk-21!/jdk.accessibility" type="simple" />
            <root url="jrt://$USER_HOME$/.jdks/openjdk-21!/jdk.attach" type="simple" />
            <root url="jrt://$USER_HOME$/.jdks/openjdk-21!/jdk.charsets" type="simple" />
            <root url="jrt://$USER_HOME$/.jdks/openjdk-21!/jdk.compiler" type="simple" />
            <root url="jrt://$USER_HOME$/.jdks/openjdk-21!/jdk.crypto.cryptoki" type="simple" />
            <root url="jrt://$USER_HOME$/.jdks/openjdk-21!/jdk.crypto.ec" type="simple" />
            <root url="jrt://$USER_HOME$/.jdks/openjdk-21!/jdk.crypto.mscapi" type="simple" />
            <root url="jrt://$USER_HOME$/.jdks/openjdk-21!/jdk.dynalink" type="simple" />
            <root url="jrt://$USER_HOME$/.jdks/openjdk-21!/jdk.editpad" type="simple" />
            <root url="jrt://$USER_HOME$/.jdks/openjdk-21!/jdk.hotspot.agent" type="simple" />
            <root url="jrt://$USER_HOME$/.jdks/openjdk-21!/jdk.httpserver" type="simple" />
            <root url="jrt://$USER_HOME$/.jdks/openjdk-21!/jdk.incubator.vector" type="simple" />
            <root url="jrt://$USER_HOME$/.jdks/openjdk-21!/jdk.internal.ed" type="simple" />
            <root url="jrt://$USER_HOME$/.jdks/openjdk-21!/jdk.internal.jvmstat" type="simple" />
            <root url="jrt://$USER_HOME$/.jdks/openjdk-21!/jdk.internal.le" type="simple" />
            <root url="jrt://$USER_HOME$/.jdks/openjdk-21!/jdk.internal.opt" type="simple" />
            <root url="jrt://$USER_HOME$/.jdks/openjdk-21!/jdk.internal.vm.ci" type="simple" />
            <root url="jrt://$USER_HOME$/.jdks/openjdk-21!/jdk.internal.vm.compiler" type="simple" />
            <root url="jrt://$USER_HOME$/.jdks/openjdk-21!/jdk.internal.vm.compiler.management" type="simple" />
            <root url="jrt://$USER_HOME$/.jdks/openjdk-21!/jdk.jartool" type="simple" />
            <root url="jrt://$USER_HOME$/.jdks/openjdk-21!/jdk.javadoc" type="simple" />
            <root url="jrt://$USER_HOME$/.jdks/openjdk-21!/jdk.jcmd" type="simple" />
            <root url="jrt://$USER_HOME$/.jdks/openjdk-21!/jdk.jconsole" type="simple" />
            <root url="jrt://$USER_HOME$/.jdks/openjdk-21!/jdk.jdeps" type="simple" />
            <root url="jrt://$USER_HOME$/.jdks/openjdk-21!/jdk.jdi" type="simple" />
            <root url="jrt://$USER_HOME$/.jdks/openjdk-21!/jdk.jdwp.agent" type="simple" />
            <root url="jrt://$USER_HOME$/.jdks/openjdk-21!/jdk.jfr" type="simple" />
            <root url="jrt://$USER_HOME$/.jdks/openjdk-21!/jdk.jlink" type="simple" />
            <root url="jrt://$USER_HOME$/.jdks/openjdk-21!/jdk.jpackage" type="simple" />
            <root url="jrt://$USER_HOME$/.jdks/openjdk-21!/jdk.jshell" type="simple" />
            <root url="jrt://$USER_HOME$/.jdks/openjdk-21!/jdk.jsobject" type="simple" />
            <root url="jrt://$USER_HOME$/.jdks/openjdk-21!/jdk.jstatd" type="simple" />
            <root url="jrt://$USER_HOME$/.jdks/openjdk-21!/jdk.localedata" type="simple" />
            <root url="jrt://$USER_HOME$/.jdks/openjdk-21!/jdk.management" type="simple" />
            <root url="jrt://$USER_HOME$/.jdks/openjdk-21!/jdk.management.agent" type="simple" />
            <root url="jrt://$USER_HOME$/.jdks/openjdk-21!/jdk.management.jfr" type="simple" />
            <root url="jrt://$USER_HOME$/.jdks/openjdk-21!/jdk.naming.dns" type="simple" />
            <root url="jrt://$USER_HOME$/.jdks/openjdk-21!/jdk.naming.rmi" type="simple" />
            <root url="jrt://$USER_HOME$/.jdks/openjdk-21!/jdk.net" type="simple" />
            <root url="jrt://$USER_HOME$/.jdks/openjdk-21!/jdk.nio.mapmode" type="simple" />
            <root url="jrt://$USER_HOME$/.jdks/openjdk-21!/jdk.random" type="simple" />
            <root url="jrt://$USER_HOME$/.jdks/openjdk-21!/jdk.sctp" type="simple" />
            <root url="jrt://$USER_HOME$/.jdks/openjdk-21!/jdk.security.auth" type="simple" />
            <root url="jrt://$USER_HOME$/.jdks/openjdk-21!/jdk.security.jgss" type="simple" />
            <root url="jrt://$USER_HOME$/.jdks/openjdk-21!/jdk.unsupported" type="simple" />
            <root url="jrt://$USER_HOME$/.jdks/openjdk-21!/jdk.unsupported.desktop" type="simple" />
            <root url="jrt://$USER_HOME$/.jdks/openjdk-21!/jdk.xml.dom" type="simple" />
            <root url="jrt://$USER_HOME$/.jdks/openjdk-21!/jdk.zipfs" type="simple" />
          </root>
        </classPath>
        <javadocPath>
          <root type="composite" />
        </javadocPath>
        <sourcePath>
          <root type="composite">
            <root url="jar://$USER_HOME$/.jdks/openjdk-21/lib/src.zip!/java.se" type="simple" />
            <root url="jar://$USER_HOME$/.jdks/openjdk-21/lib/src.zip!/jdk.jdi" type="simple" />
            <root url="jar://$USER_HOME$/.jdks/openjdk-21/lib/src.zip!/jdk.jfr" type="simple" />
            <root url="jar://$USER_HOME$/.jdks/openjdk-21/lib/src.zip!/jdk.net" type="simple" />
            <root url="jar://$USER_HOME$/.jdks/openjdk-21/lib/src.zip!/java.rmi" type="simple" />
            <root url="jar://$USER_HOME$/.jdks/openjdk-21/lib/src.zip!/java.sql" type="simple" />
            <root url="jar://$USER_HOME$/.jdks/openjdk-21/lib/src.zip!/java.xml" type="simple" />
            <root url="jar://$USER_HOME$/.jdks/openjdk-21/lib/src.zip!/jdk.jcmd" type="simple" />
            <root url="jar://$USER_HOME$/.jdks/openjdk-21/lib/src.zip!/jdk.sctp" type="simple" />
            <root url="jar://$USER_HOME$/.jdks/openjdk-21/lib/src.zip!/java.base" type="simple" />
            <root url="jar://$USER_HOME$/.jdks/openjdk-21/lib/src.zip!/jdk.jdeps" type="simple" />
            <root url="jar://$USER_HOME$/.jdks/openjdk-21/lib/src.zip!/jdk.jlink" type="simple" />
            <root url="jar://$USER_HOME$/.jdks/openjdk-21/lib/src.zip!/jdk.zipfs" type="simple" />
            <root url="jar://$USER_HOME$/.jdks/openjdk-21/lib/src.zip!/java.prefs" type="simple" />
            <root url="jar://$USER_HOME$/.jdks/openjdk-21/lib/src.zip!/jdk.attach" type="simple" />
            <root url="jar://$USER_HOME$/.jdks/openjdk-21/lib/src.zip!/jdk.jshell" type="simple" />
            <root url="jar://$USER_HOME$/.jdks/openjdk-21/lib/src.zip!/jdk.jstatd" type="simple" />
            <root url="jar://$USER_HOME$/.jdks/openjdk-21/lib/src.zip!/jdk.random" type="simple" />
            <root url="jar://$USER_HOME$/.jdks/openjdk-21/lib/src.zip!/java.naming" type="simple" />
            <root url="jar://$USER_HOME$/.jdks/openjdk-21/lib/src.zip!/jdk.editpad" type="simple" />
            <root url="jar://$USER_HOME$/.jdks/openjdk-21/lib/src.zip!/jdk.jartool" type="simple" />
            <root url="jar://$USER_HOME$/.jdks/openjdk-21/lib/src.zip!/jdk.javadoc" type="simple" />
            <root url="jar://$USER_HOME$/.jdks/openjdk-21/lib/src.zip!/jdk.xml.dom" type="simple" />
            <root url="jar://$USER_HOME$/.jdks/openjdk-21/lib/src.zip!/java.desktop" type="simple" />
            <root url="jar://$USER_HOME$/.jdks/openjdk-21/lib/src.zip!/java.logging" type="simple" />
            <root url="jar://$USER_HOME$/.jdks/openjdk-21/lib/src.zip!/jdk.charsets" type="simple" />
            <root url="jar://$USER_HOME$/.jdks/openjdk-21/lib/src.zip!/jdk.compiler" type="simple" />
            <root url="jar://$USER_HOME$/.jdks/openjdk-21/lib/src.zip!/jdk.dynalink" type="simple" />
            <root url="jar://$USER_HOME$/.jdks/openjdk-21/lib/src.zip!/jdk.jconsole" type="simple" />
            <root url="jar://$USER_HOME$/.jdks/openjdk-21/lib/src.zip!/jdk.jpackage" type="simple" />
            <root url="jar://$USER_HOME$/.jdks/openjdk-21/lib/src.zip!/jdk.jsobject" type="simple" />
            <root url="jar://$USER_HOME$/.jdks/openjdk-21/lib/src.zip!/java.compiler" type="simple" />
            <root url="jar://$USER_HOME$/.jdks/openjdk-21/lib/src.zip!/java.net.http" type="simple" />
            <root url="jar://$USER_HOME$/.jdks/openjdk-21/lib/src.zip!/jdk.crypto.ec" type="simple" />
            <root url="jar://$USER_HOME$/.jdks/openjdk-21/lib/src.zip!/java.scripting" type="simple" />
            <root url="jar://$USER_HOME$/.jdks/openjdk-21/lib/src.zip!/jdk.httpserver" type="simple" />
            <root url="jar://$USER_HOME$/.jdks/openjdk-21/lib/src.zip!/jdk.jdwp.agent" type="simple" />
            <root url="jar://$USER_HOME$/.jdks/openjdk-21/lib/src.zip!/jdk.localedata" type="simple" />
            <root url="jar://$USER_HOME$/.jdks/openjdk-21/lib/src.zip!/jdk.management" type="simple" />
            <root url="jar://$USER_HOME$/.jdks/openjdk-21/lib/src.zip!/jdk.naming.dns" type="simple" />
            <root url="jar://$USER_HOME$/.jdks/openjdk-21/lib/src.zip!/jdk.naming.rmi" type="simple" />
            <root url="jar://$USER_HOME$/.jdks/openjdk-21/lib/src.zip!/java.instrument" type="simple" />
            <root url="jar://$USER_HOME$/.jdks/openjdk-21/lib/src.zip!/java.management" type="simple" />
            <root url="jar://$USER_HOME$/.jdks/openjdk-21/lib/src.zip!/java.sql.rowset" type="simple" />
            <root url="jar://$USER_HOME$/.jdks/openjdk-21/lib/src.zip!/java.xml.crypto" type="simple" />
            <root url="jar://$USER_HOME$/.jdks/openjdk-21/lib/src.zip!/jdk.internal.ed" type="simple" />
            <root url="jar://$USER_HOME$/.jdks/openjdk-21/lib/src.zip!/jdk.internal.le" type="simple" />
            <root url="jar://$USER_HOME$/.jdks/openjdk-21/lib/src.zip!/jdk.nio.mapmode" type="simple" />
            <root url="jar://$USER_HOME$/.jdks/openjdk-21/lib/src.zip!/jdk.unsupported" type="simple" />
            <root url="jar://$USER_HOME$/.jdks/openjdk-21/lib/src.zip!/java.smartcardio" type="simple" />
            <root url="jar://$USER_HOME$/.jdks/openjdk-21/lib/src.zip!/jdk.internal.opt" type="simple" />
            <root url="jar://$USER_HOME$/.jdks/openjdk-21/lib/src.zip!/java.datatransfer" type="simple" />
            <root url="jar://$USER_HOME$/.jdks/openjdk-21/lib/src.zip!/jdk.accessibility" type="simple" />
            <root url="jar://$USER_HOME$/.jdks/openjdk-21/lib/src.zip!/jdk.crypto.mscapi" type="simple" />
            <root url="jar://$USER_HOME$/.jdks/openjdk-21/lib/src.zip!/jdk.hotspot.agent" type="simple" />
            <root url="jar://$USER_HOME$/.jdks/openjdk-21/lib/src.zip!/jdk.security.auth" type="simple" />
            <root url="jar://$USER_HOME$/.jdks/openjdk-21/lib/src.zip!/jdk.security.jgss" type="simple" />
            <root url="jar://$USER_HOME$/.jdks/openjdk-21/lib/src.zip!/java.security.jgss" type="simple" />
            <root url="jar://$USER_HOME$/.jdks/openjdk-21/lib/src.zip!/java.security.sasl" type="simple" />
            <root url="jar://$USER_HOME$/.jdks/openjdk-21/lib/src.zip!/jdk.internal.vm.ci" type="simple" />
            <root url="jar://$USER_HOME$/.jdks/openjdk-21/lib/src.zip!/jdk.management.jfr" type="simple" />
            <root url="jar://$USER_HOME$/.jdks/openjdk-21/lib/src.zip!/java.management.rmi" type="simple" />
            <root url="jar://$USER_HOME$/.jdks/openjdk-21/lib/src.zip!/java.transaction.xa" type="simple" />
            <root url="jar://$USER_HOME$/.jdks/openjdk-21/lib/src.zip!/jdk.crypto.cryptoki" type="simple" />
            <root url="jar://$USER_HOME$/.jdks/openjdk-21/lib/src.zip!/jdk.incubator.vector" type="simple" />
            <root url="jar://$USER_HOME$/.jdks/openjdk-21/lib/src.zip!/jdk.internal.jvmstat" type="simple" />
            <root url="jar://$USER_HOME$/.jdks/openjdk-21/lib/src.zip!/jdk.management.agent" type="simple" />
            <root url="jar://$USER_HOME$/.jdks/openjdk-21/lib/src.zip!/jdk.unsupported.desktop" type="simple" />
            <root url="jar://$USER_HOME$/.jdks/openjdk-21/lib/src.zip!/jdk.internal.vm.compiler" type="simple" />
            <root url="jar://$USER_HOME$/.jdks/openjdk-21/lib/src.zip!/jdk.internal.vm.compiler.management" type="simple" />
          </root>
        </sourcePath>
      </roots>
      <additional />
    </jdk>
    <jdk version="2">
      <name value="21" />
      <type value="JavaSDK" />
      <version value="Oracle OpenJDK version 21" />
      <homePath value="$USER_HOME$/.jdks/openjdk-21" />
      <roots>
        <annotationsPath>
          <root type="composite">
            <root url="jar://$APPLICATION_HOME_DIR$/plugins/java/lib/resources/jdkAnnotations.jar!/" type="simple" />
          </root>
        </annotationsPath>
        <classPath>
          <root type="composite">
            <root url="jrt://$USER_HOME$/.jdks/openjdk-21!/java.base" type="simple" />
            <root url="jrt://$USER_HOME$/.jdks/openjdk-21!/java.compiler" type="simple" />
            <root url="jrt://$USER_HOME$/.jdks/openjdk-21!/java.datatransfer" type="simple" />
            <root url="jrt://$USER_HOME$/.jdks/openjdk-21!/java.desktop" type="simple" />
            <root url="jrt://$USER_HOME$/.jdks/openjdk-21!/java.instrument" type="simple" />
            <root url="jrt://$USER_HOME$/.jdks/openjdk-21!/java.logging" type="simple" />
            <root url="jrt://$USER_HOME$/.jdks/openjdk-21!/java.management" type="simple" />
            <root url="jrt://$USER_HOME$/.jdks/openjdk-21!/java.management.rmi" type="simple" />
            <root url="jrt://$USER_HOME$/.jdks/openjdk-21!/java.naming" type="simple" />
            <root url="jrt://$USER_HOME$/.jdks/openjdk-21!/java.net.http" type="simple" />
            <root url="jrt://$USER_HOME$/.jdks/openjdk-21!/java.prefs" type="simple" />
            <root url="jrt://$USER_HOME$/.jdks/openjdk-21!/java.rmi" type="simple" />
            <root url="jrt://$USER_HOME$/.jdks/openjdk-21!/java.scripting" type="simple" />
            <root url="jrt://$USER_HOME$/.jdks/openjdk-21!/java.se" type="simple" />
            <root url="jrt://$USER_HOME$/.jdks/openjdk-21!/java.security.jgss" type="simple" />
            <root url="jrt://$USER_HOME$/.jdks/openjdk-21!/java.security.sasl" type="simple" />
            <root url="jrt://$USER_HOME$/.jdks/openjdk-21!/java.smartcardio" type="simple" />
            <root url="jrt://$USER_HOME$/.jdks/openjdk-21!/java.sql" type="simple" />
            <root url="jrt://$USER_HOME$/.jdks/openjdk-21!/java.sql.rowset" type="simple" />
            <root url="jrt://$USER_HOME$/.jdks/openjdk-21!/java.transaction.xa" type="simple" />
            <root url="jrt://$USER_HOME$/.jdks/openjdk-21!/java.xml" type="simple" />
            <root url="jrt://$USER_HOME$/.jdks/openjdk-21!/java.xml.crypto" type="simple" />
            <root url="jrt://$USER_HOME$/.jdks/openjdk-21!/jdk.accessibility" type="simple" />
            <root url="jrt://$USER_HOME$/.jdks/openjdk-21!/jdk.attach" type="simple" />
            <root url="jrt://$USER_HOME$/.jdks/openjdk-21!/jdk.charsets" type="simple" />
            <root url="jrt://$USER_HOME$/.jdks/openjdk-21!/jdk.compiler" type="simple" />
            <root url="jrt://$USER_HOME$/.jdks/openjdk-21!/jdk.crypto.cryptoki" type="simple" />
            <root url="jrt://$USER_HOME$/.jdks/openjdk-21!/jdk.crypto.ec" type="simple" />
            <root url="jrt://$USER_HOME$/.jdks/openjdk-21!/jdk.crypto.mscapi" type="simple" />
            <root url="jrt://$USER_HOME$/.jdks/openjdk-21!/jdk.dynalink" type="simple" />
            <root url="jrt://$USER_HOME$/.jdks/openjdk-21!/jdk.editpad" type="simple" />
            <root url="jrt://$USER_HOME$/.jdks/openjdk-21!/jdk.hotspot.agent" type="simple" />
            <root url="jrt://$USER_HOME$/.jdks/openjdk-21!/jdk.httpserver" type="simple" />
            <root url="jrt://$USER_HOME$/.jdks/openjdk-21!/jdk.incubator.vector" type="simple" />
            <root url="jrt://$USER_HOME$/.jdks/openjdk-21!/jdk.internal.ed" type="simple" />
            <root url="jrt://$USER_HOME$/.jdks/openjdk-21!/jdk.internal.jvmstat" type="simple" />
            <root url="jrt://$USER_HOME$/.jdks/openjdk-21!/jdk.internal.le" type="simple" />
            <root url="jrt://$USER_HOME$/.jdks/openjdk-21!/jdk.internal.opt" type="simple" />
            <root url="jrt://$USER_HOME$/.jdks/openjdk-21!/jdk.internal.vm.ci" type="simple" />
            <root url="jrt://$USER_HOME$/.jdks/openjdk-21!/jdk.internal.vm.compiler" type="simple" />
            <root url="jrt://$USER_HOME$/.jdks/openjdk-21!/jdk.internal.vm.compiler.management" type="simple" />
            <root url="jrt://$USER_HOME$/.jdks/openjdk-21!/jdk.jartool" type="simple" />
            <root url="jrt://$USER_HOME$/.jdks/openjdk-21!/jdk.javadoc" type="simple" />
            <root url="jrt://$USER_HOME$/.jdks/openjdk-21!/jdk.jcmd" type="simple" />
            <root url="jrt://$USER_HOME$/.jdks/openjdk-21!/jdk.jconsole" type="simple" />
            <root url="jrt://$USER_HOME$/.jdks/openjdk-21!/jdk.jdeps" type="simple" />
            <root url="jrt://$USER_HOME$/.jdks/openjdk-21!/jdk.jdi" type="simple" />
            <root url="jrt://$USER_HOME$/.jdks/openjdk-21!/jdk.jdwp.agent" type="simple" />
            <root url="jrt://$USER_HOME$/.jdks/openjdk-21!/jdk.jfr" type="simple" />
            <root url="jrt://$USER_HOME$/.jdks/openjdk-21!/jdk.jlink" type="simple" />
            <root url="jrt://$USER_HOME$/.jdks/openjdk-21!/jdk.jpackage" type="simple" />
            <root url="jrt://$USER_HOME$/.jdks/openjdk-21!/jdk.jshell" type="simple" />
            <root url="jrt://$USER_HOME$/.jdks/openjdk-21!/jdk.jsobject" type="simple" />
            <root url="jrt://$USER_HOME$/.jdks/openjdk-21!/jdk.jstatd" type="simple" />
            <root url="jrt://$USER_HOME$/.jdks/openjdk-21!/jdk.localedata" type="simple" />
            <root url="jrt://$USER_HOME$/.jdks/openjdk-21!/jdk.management" type="simple" />
            <root url="jrt://$USER_HOME$/.jdks/openjdk-21!/jdk.management.agent" type="simple" />
            <root url="jrt://$USER_HOME$/.jdks/openjdk-21!/jdk.management.jfr" type="simple" />
            <root url="jrt://$USER_HOME$/.jdks/openjdk-21!/jdk.naming.dns" type="simple" />
            <root url="jrt://$USER_HOME$/.jdks/openjdk-21!/jdk.naming.rmi" type="simple" />
            <root url="jrt://$USER_HOME$/.jdks/openjdk-21!/jdk.net" type="simple" />
            <root url="jrt://$USER_HOME$/.jdks/openjdk-21!/jdk.nio.mapmode" type="simple" />
            <root url="jrt://$USER_HOME$/.jdks/openjdk-21!/jdk.random" type="simple" />
            <root url="jrt://$USER_HOME$/.jdks/openjdk-21!/jdk.sctp" type="simple" />
            <root url="jrt://$USER_HOME$/.jdks/openjdk-21!/jdk.security.auth" type="simple" />
            <root url="jrt://$USER_HOME$/.jdks/openjdk-21!/jdk.security.jgss" type="simple" />
            <root url="jrt://$USER_HOME$/.jdks/openjdk-21!/jdk.unsupported" type="simple" />
            <root url="jrt://$USER_HOME$/.jdks/openjdk-21!/jdk.unsupported.desktop" type="simple" />
            <root url="jrt://$USER_HOME$/.jdks/openjdk-21!/jdk.xml.dom" type="simple" />
            <root url="jrt://$USER_HOME$/.jdks/openjdk-21!/jdk.zipfs" type="simple" />
          </root>
        </classPath>
        <javadocPath>
          <root type="composite" />
        </javadocPath>
        <sourcePath>
          <root type="composite">
            <root url="jar://$USER_HOME$/.jdks/openjdk-21/lib/src.zip!/java.se" type="simple" />
            <root url="jar://$USER_HOME$/.jdks/openjdk-21/lib/src.zip!/jdk.jdi" type="simple" />
            <root url="jar://$USER_HOME$/.jdks/openjdk-21/lib/src.zip!/jdk.jfr" type="simple" />
            <root url="jar://$USER_HOME$/.jdks/openjdk-21/lib/src.zip!/jdk.net" type="simple" />
            <root url="jar://$USER_HOME$/.jdks/openjdk-21/lib/src.zip!/java.rmi" type="simple" />
            <root url="jar://$USER_HOME$/.jdks/openjdk-21/lib/src.zip!/java.sql" type="simple" />
            <root url="jar://$USER_HOME$/.jdks/openjdk-21/lib/src.zip!/java.xml" type="simple" />
            <root url="jar://$USER_HOME$/.jdks/openjdk-21/lib/src.zip!/jdk.jcmd" type="simple" />
            <root url="jar://$USER_HOME$/.jdks/openjdk-21/lib/src.zip!/jdk.sctp" type="simple" />
            <root url="jar://$USER_HOME$/.jdks/openjdk-21/lib/src.zip!/java.base" type="simple" />
            <root url="jar://$USER_HOME$/.jdks/openjdk-21/lib/src.zip!/jdk.jdeps" type="simple" />
            <root url="jar://$USER_HOME$/.jdks/openjdk-21/lib/src.zip!/jdk.jlink" type="simple" />
            <root url="jar://$USER_HOME$/.jdks/openjdk-21/lib/src.zip!/jdk.zipfs" type="simple" />
            <root url="jar://$USER_HOME$/.jdks/openjdk-21/lib/src.zip!/java.prefs" type="simple" />
            <root url="jar://$USER_HOME$/.jdks/openjdk-21/lib/src.zip!/jdk.attach" type="simple" />
            <root url="jar://$USER_HOME$/.jdks/openjdk-21/lib/src.zip!/jdk.jshell" type="simple" />
            <root url="jar://$USER_HOME$/.jdks/openjdk-21/lib/src.zip!/jdk.jstatd" type="simple" />
            <root url="jar://$USER_HOME$/.jdks/openjdk-21/lib/src.zip!/jdk.random" type="simple" />
            <root url="jar://$USER_HOME$/.jdks/openjdk-21/lib/src.zip!/java.naming" type="simple" />
            <root url="jar://$USER_HOME$/.jdks/openjdk-21/lib/src.zip!/jdk.editpad" type="simple" />
            <root url="jar://$USER_HOME$/.jdks/openjdk-21/lib/src.zip!/jdk.jartool" type="simple" />
            <root url="jar://$USER_HOME$/.jdks/openjdk-21/lib/src.zip!/jdk.javadoc" type="simple" />
            <root url="jar://$USER_HOME$/.jdks/openjdk-21/lib/src.zip!/jdk.xml.dom" type="simple" />
            <root url="jar://$USER_HOME$/.jdks/openjdk-21/lib/src.zip!/java.desktop" type="simple" />
            <root url="jar://$USER_HOME$/.jdks/openjdk-21/lib/src.zip!/java.logging" type="simple" />
            <root url="jar://$USER_HOME$/.jdks/openjdk-21/lib/src.zip!/jdk.charsets" type="simple" />
            <root url="jar://$USER_HOME$/.jdks/openjdk-21/lib/src.zip!/jdk.compiler" type="simple" />
            <root url="jar://$USER_HOME$/.jdks/openjdk-21/lib/src.zip!/jdk.dynalink" type="simple" />
            <root url="jar://$USER_HOME$/.jdks/openjdk-21/lib/src.zip!/jdk.jconsole" type="simple" />
            <root url="jar://$USER_HOME$/.jdks/openjdk-21/lib/src.zip!/jdk.jpackage" type="simple" />
            <root url="jar://$USER_HOME$/.jdks/openjdk-21/lib/src.zip!/jdk.jsobject" type="simple" />
            <root url="jar://$USER_HOME$/.jdks/openjdk-21/lib/src.zip!/java.compiler" type="simple" />
            <root url="jar://$USER_HOME$/.jdks/openjdk-21/lib/src.zip!/java.net.http" type="simple" />
            <root url="jar://$USER_HOME$/.jdks/openjdk-21/lib/src.zip!/jdk.crypto.ec" type="simple" />
            <root url="jar://$USER_HOME$/.jdks/openjdk-21/lib/src.zip!/java.scripting" type="simple" />
            <root url="jar://$USER_HOME$/.jdks/openjdk-21/lib/src.zip!/jdk.httpserver" type="simple" />
            <root url="jar://$USER_HOME$/.jdks/openjdk-21/lib/src.zip!/jdk.jdwp.agent" type="simple" />
            <root url="jar://$USER_HOME$/.jdks/openjdk-21/lib/src.zip!/jdk.localedata" type="simple" />
            <root url="jar://$USER_HOME$/.jdks/openjdk-21/lib/src.zip!/jdk.management" type="simple" />
            <root url="jar://$USER_HOME$/.jdks/openjdk-21/lib/src.zip!/jdk.naming.dns" type="simple" />
            <root url="jar://$USER_HOME$/.jdks/openjdk-21/lib/src.zip!/jdk.naming.rmi" type="simple" />
            <root url="jar://$USER_HOME$/.jdks/openjdk-21/lib/src.zip!/java.instrument" type="simple" />
            <root url="jar://$USER_HOME$/.jdks/openjdk-21/lib/src.zip!/java.management" type="simple" />
            <root url="jar://$USER_HOME$/.jdks/openjdk-21/lib/src.zip!/java.sql.rowset" type="simple" />
            <root url="jar://$USER_HOME$/.jdks/openjdk-21/lib/src.zip!/java.xml.crypto" type="simple" />
            <root url="jar://$USER_HOME$/.jdks/openjdk-21/lib/src.zip!/jdk.internal.ed" type="simple" />
            <root url="jar://$USER_HOME$/.jdks/openjdk-21/lib/src.zip!/jdk.internal.le" type="simple" />
            <root url="jar://$USER_HOME$/.jdks/openjdk-21/lib/src.zip!/jdk.nio.mapmode" type="simple" />
            <root url="jar://$USER_HOME$/.jdks/openjdk-21/lib/src.zip!/jdk.unsupported" type="simple" />
            <root url="jar://$USER_HOME$/.jdks/openjdk-21/lib/src.zip!/java.smartcardio" type="simple" />
            <root url="jar://$USER_HOME$/.jdks/openjdk-21/lib/src.zip!/jdk.internal.opt" type="simple" />
            <root url="jar://$USER_HOME$/.jdks/openjdk-21/lib/src.zip!/java.datatransfer" type="simple" />
            <root url="jar://$USER_HOME$/.jdks/openjdk-21/lib/src.zip!/jdk.accessibility" type="simple" />
            <root url="jar://$USER_HOME$/.jdks/openjdk-21/lib/src.zip!/jdk.crypto.mscapi" type="simple" />
            <root url="jar://$USER_HOME$/.jdks/openjdk-21/lib/src.zip!/jdk.hotspot.agent" type="simple" />
            <root url="jar://$USER_HOME$/.jdks/openjdk-21/lib/src.zip!/jdk.security.auth" type="simple" />
            <root url="jar://$USER_HOME$/.jdks/openjdk-21/lib/src.zip!/jdk.security.jgss" type="simple" />
            <root url="jar://$USER_HOME$/.jdks/openjdk-21/lib/src.zip!/java.security.jgss" type="simple" />
            <root url="jar://$USER_HOME$/.jdks/openjdk-21/lib/src.zip!/java.security.sasl" type="simple" />
            <root url="jar://$USER_HOME$/.jdks/openjdk-21/lib/src.zip!/jdk.internal.vm.ci" type="simple" />
            <root url="jar://$USER_HOME$/.jdks/openjdk-21/lib/src.zip!/jdk.management.jfr" type="simple" />
            <root url="jar://$USER_HOME$/.jdks/openjdk-21/lib/src.zip!/java.management.rmi" type="simple" />
            <root url="jar://$USER_HOME$/.jdks/openjdk-21/lib/src.zip!/java.transaction.xa" type="simple" />
            <root url="jar://$USER_HOME$/.jdks/openjdk-21/lib/src.zip!/jdk.crypto.cryptoki" type="simple" />
            <root url="jar://$USER_HOME$/.jdks/openjdk-21/lib/src.zip!/jdk.incubator.vector" type="simple" />
            <root url="jar://$USER_HOME$/.jdks/openjdk-21/lib/src.zip!/jdk.internal.jvmstat" type="simple" />
            <root url="jar://$USER_HOME$/.jdks/openjdk-21/lib/src.zip!/jdk.management.agent" type="simple" />
            <root url="jar://$USER_HOME$/.jdks/openjdk-21/lib/src.zip!/jdk.unsupported.desktop" type="simple" />
            <root url="jar://$USER_HOME$/.jdks/openjdk-21/lib/src.zip!/jdk.internal.vm.compiler" type="simple" />
            <root url="jar://$USER_HOME$/.jdks/openjdk-21/lib/src.zip!/jdk.internal.vm.compiler.management" type="simple" />
          </root>
        </sourcePath>
      </roots>
      <additional />
    </jdk>
    <jdk version="2">
      <name value="corretto-18" />
      <type value="JavaSDK" />
      <version value="Amazon Corretto version 18.0.2" />
      <homePath value="$USER_HOME$/.jdks/corretto-18.0.2" />
      <roots>
        <annotationsPath>
          <root type="composite">
            <root url="jar://$APPLICATION_HOME_DIR$/plugins/java/lib/resources/jdkAnnotations.jar!/" type="simple" />
          </root>
        </annotationsPath>
        <classPath>
          <root type="composite">
            <root url="jrt://$USER_HOME$/.jdks/corretto-18.0.2!/java.base" type="simple" />
            <root url="jrt://$USER_HOME$/.jdks/corretto-18.0.2!/java.compiler" type="simple" />
            <root url="jrt://$USER_HOME$/.jdks/corretto-18.0.2!/java.datatransfer" type="simple" />
            <root url="jrt://$USER_HOME$/.jdks/corretto-18.0.2!/java.desktop" type="simple" />
            <root url="jrt://$USER_HOME$/.jdks/corretto-18.0.2!/java.instrument" type="simple" />
            <root url="jrt://$USER_HOME$/.jdks/corretto-18.0.2!/java.logging" type="simple" />
            <root url="jrt://$USER_HOME$/.jdks/corretto-18.0.2!/java.management" type="simple" />
            <root url="jrt://$USER_HOME$/.jdks/corretto-18.0.2!/java.management.rmi" type="simple" />
            <root url="jrt://$USER_HOME$/.jdks/corretto-18.0.2!/java.naming" type="simple" />
            <root url="jrt://$USER_HOME$/.jdks/corretto-18.0.2!/java.net.http" type="simple" />
            <root url="jrt://$USER_HOME$/.jdks/corretto-18.0.2!/java.prefs" type="simple" />
            <root url="jrt://$USER_HOME$/.jdks/corretto-18.0.2!/java.rmi" type="simple" />
            <root url="jrt://$USER_HOME$/.jdks/corretto-18.0.2!/java.scripting" type="simple" />
            <root url="jrt://$USER_HOME$/.jdks/corretto-18.0.2!/java.se" type="simple" />
            <root url="jrt://$USER_HOME$/.jdks/corretto-18.0.2!/java.security.jgss" type="simple" />
            <root url="jrt://$USER_HOME$/.jdks/corretto-18.0.2!/java.security.sasl" type="simple" />
            <root url="jrt://$USER_HOME$/.jdks/corretto-18.0.2!/java.smartcardio" type="simple" />
            <root url="jrt://$USER_HOME$/.jdks/corretto-18.0.2!/java.sql" type="simple" />
            <root url="jrt://$USER_HOME$/.jdks/corretto-18.0.2!/java.sql.rowset" type="simple" />
            <root url="jrt://$USER_HOME$/.jdks/corretto-18.0.2!/java.transaction.xa" type="simple" />
            <root url="jrt://$USER_HOME$/.jdks/corretto-18.0.2!/java.xml" type="simple" />
            <root url="jrt://$USER_HOME$/.jdks/corretto-18.0.2!/java.xml.crypto" type="simple" />
            <root url="jrt://$USER_HOME$/.jdks/corretto-18.0.2!/jdk.accessibility" type="simple" />
            <root url="jrt://$USER_HOME$/.jdks/corretto-18.0.2!/jdk.attach" type="simple" />
            <root url="jrt://$USER_HOME$/.jdks/corretto-18.0.2!/jdk.charsets" type="simple" />
            <root url="jrt://$USER_HOME$/.jdks/corretto-18.0.2!/jdk.compiler" type="simple" />
            <root url="jrt://$USER_HOME$/.jdks/corretto-18.0.2!/jdk.crypto.cryptoki" type="simple" />
            <root url="jrt://$USER_HOME$/.jdks/corretto-18.0.2!/jdk.crypto.ec" type="simple" />
            <root url="jrt://$USER_HOME$/.jdks/corretto-18.0.2!/jdk.crypto.mscapi" type="simple" />
            <root url="jrt://$USER_HOME$/.jdks/corretto-18.0.2!/jdk.dynalink" type="simple" />
            <root url="jrt://$USER_HOME$/.jdks/corretto-18.0.2!/jdk.editpad" type="simple" />
            <root url="jrt://$USER_HOME$/.jdks/corretto-18.0.2!/jdk.hotspot.agent" type="simple" />
            <root url="jrt://$USER_HOME$/.jdks/corretto-18.0.2!/jdk.httpserver" type="simple" />
            <root url="jrt://$USER_HOME$/.jdks/corretto-18.0.2!/jdk.incubator.foreign" type="simple" />
            <root url="jrt://$USER_HOME$/.jdks/corretto-18.0.2!/jdk.incubator.vector" type="simple" />
            <root url="jrt://$USER_HOME$/.jdks/corretto-18.0.2!/jdk.internal.ed" type="simple" />
            <root url="jrt://$USER_HOME$/.jdks/corretto-18.0.2!/jdk.internal.jvmstat" type="simple" />
            <root url="jrt://$USER_HOME$/.jdks/corretto-18.0.2!/jdk.internal.le" type="simple" />
            <root url="jrt://$USER_HOME$/.jdks/corretto-18.0.2!/jdk.internal.opt" type="simple" />
            <root url="jrt://$USER_HOME$/.jdks/corretto-18.0.2!/jdk.internal.vm.ci" type="simple" />
            <root url="jrt://$USER_HOME$/.jdks/corretto-18.0.2!/jdk.internal.vm.compiler" type="simple" />
            <root url="jrt://$USER_HOME$/.jdks/corretto-18.0.2!/jdk.internal.vm.compiler.management" type="simple" />
            <root url="jrt://$USER_HOME$/.jdks/corretto-18.0.2!/jdk.jartool" type="simple" />
            <root url="jrt://$USER_HOME$/.jdks/corretto-18.0.2!/jdk.javadoc" type="simple" />
            <root url="jrt://$USER_HOME$/.jdks/corretto-18.0.2!/jdk.jcmd" type="simple" />
            <root url="jrt://$USER_HOME$/.jdks/corretto-18.0.2!/jdk.jconsole" type="simple" />
            <root url="jrt://$USER_HOME$/.jdks/corretto-18.0.2!/jdk.jdeps" type="simple" />
            <root url="jrt://$USER_HOME$/.jdks/corretto-18.0.2!/jdk.jdi" type="simple" />
            <root url="jrt://$USER_HOME$/.jdks/corretto-18.0.2!/jdk.jdwp.agent" type="simple" />
            <root url="jrt://$USER_HOME$/.jdks/corretto-18.0.2!/jdk.jfr" type="simple" />
            <root url="jrt://$USER_HOME$/.jdks/corretto-18.0.2!/jdk.jlink" type="simple" />
            <root url="jrt://$USER_HOME$/.jdks/corretto-18.0.2!/jdk.jpackage" type="simple" />
            <root url="jrt://$USER_HOME$/.jdks/corretto-18.0.2!/jdk.jshell" type="simple" />
            <root url="jrt://$USER_HOME$/.jdks/corretto-18.0.2!/jdk.jsobject" type="simple" />
            <root url="jrt://$USER_HOME$/.jdks/corretto-18.0.2!/jdk.jstatd" type="simple" />
            <root url="jrt://$USER_HOME$/.jdks/corretto-18.0.2!/jdk.localedata" type="simple" />
            <root url="jrt://$USER_HOME$/.jdks/corretto-18.0.2!/jdk.management" type="simple" />
            <root url="jrt://$USER_HOME$/.jdks/corretto-18.0.2!/jdk.management.agent" type="simple" />
            <root url="jrt://$USER_HOME$/.jdks/corretto-18.0.2!/jdk.management.jfr" type="simple" />
            <root url="jrt://$USER_HOME$/.jdks/corretto-18.0.2!/jdk.naming.dns" type="simple" />
            <root url="jrt://$USER_HOME$/.jdks/corretto-18.0.2!/jdk.naming.rmi" type="simple" />
            <root url="jrt://$USER_HOME$/.jdks/corretto-18.0.2!/jdk.net" type="simple" />
            <root url="jrt://$USER_HOME$/.jdks/corretto-18.0.2!/jdk.nio.mapmode" type="simple" />
            <root url="jrt://$USER_HOME$/.jdks/corretto-18.0.2!/jdk.random" type="simple" />
            <root url="jrt://$USER_HOME$/.jdks/corretto-18.0.2!/jdk.sctp" type="simple" />
            <root url="jrt://$USER_HOME$/.jdks/corretto-18.0.2!/jdk.security.auth" type="simple" />
            <root url="jrt://$USER_HOME$/.jdks/corretto-18.0.2!/jdk.security.jgss" type="simple" />
            <root url="jrt://$USER_HOME$/.jdks/corretto-18.0.2!/jdk.unsupported" type="simple" />
            <root url="jrt://$USER_HOME$/.jdks/corretto-18.0.2!/jdk.unsupported.desktop" type="simple" />
            <root url="jrt://$USER_HOME$/.jdks/corretto-18.0.2!/jdk.xml.dom" type="simple" />
            <root url="jrt://$USER_HOME$/.jdks/corretto-18.0.2!/jdk.zipfs" type="simple" />
          </root>
        </classPath>
        <javadocPath>
          <root type="composite" />
        </javadocPath>
        <sourcePath>
          <root type="composite">
            <root url="jar://$USER_HOME$/.jdks/corretto-18.0.2/lib/src.zip!/java.se" type="simple" />
            <root url="jar://$USER_HOME$/.jdks/corretto-18.0.2/lib/src.zip!/jdk.jdi" type="simple" />
            <root url="jar://$USER_HOME$/.jdks/corretto-18.0.2/lib/src.zip!/jdk.jfr" type="simple" />
            <root url="jar://$USER_HOME$/.jdks/corretto-18.0.2/lib/src.zip!/jdk.net" type="simple" />
            <root url="jar://$USER_HOME$/.jdks/corretto-18.0.2/lib/src.zip!/java.rmi" type="simple" />
            <root url="jar://$USER_HOME$/.jdks/corretto-18.0.2/lib/src.zip!/java.sql" type="simple" />
            <root url="jar://$USER_HOME$/.jdks/corretto-18.0.2/lib/src.zip!/java.xml" type="simple" />
            <root url="jar://$USER_HOME$/.jdks/corretto-18.0.2/lib/src.zip!/jdk.jcmd" type="simple" />
            <root url="jar://$USER_HOME$/.jdks/corretto-18.0.2/lib/src.zip!/jdk.sctp" type="simple" />
            <root url="jar://$USER_HOME$/.jdks/corretto-18.0.2/lib/src.zip!/java.base" type="simple" />
            <root url="jar://$USER_HOME$/.jdks/corretto-18.0.2/lib/src.zip!/jdk.jdeps" type="simple" />
            <root url="jar://$USER_HOME$/.jdks/corretto-18.0.2/lib/src.zip!/jdk.jlink" type="simple" />
            <root url="jar://$USER_HOME$/.jdks/corretto-18.0.2/lib/src.zip!/jdk.zipfs" type="simple" />
            <root url="jar://$USER_HOME$/.jdks/corretto-18.0.2/lib/src.zip!/java.prefs" type="simple" />
            <root url="jar://$USER_HOME$/.jdks/corretto-18.0.2/lib/src.zip!/jdk.attach" type="simple" />
            <root url="jar://$USER_HOME$/.jdks/corretto-18.0.2/lib/src.zip!/jdk.jshell" type="simple" />
            <root url="jar://$USER_HOME$/.jdks/corretto-18.0.2/lib/src.zip!/jdk.jstatd" type="simple" />
            <root url="jar://$USER_HOME$/.jdks/corretto-18.0.2/lib/src.zip!/jdk.random" type="simple" />
            <root url="jar://$USER_HOME$/.jdks/corretto-18.0.2/lib/src.zip!/java.naming" type="simple" />
            <root url="jar://$USER_HOME$/.jdks/corretto-18.0.2/lib/src.zip!/jdk.editpad" type="simple" />
            <root url="jar://$USER_HOME$/.jdks/corretto-18.0.2/lib/src.zip!/jdk.jartool" type="simple" />
            <root url="jar://$USER_HOME$/.jdks/corretto-18.0.2/lib/src.zip!/jdk.javadoc" type="simple" />
            <root url="jar://$USER_HOME$/.jdks/corretto-18.0.2/lib/src.zip!/jdk.xml.dom" type="simple" />
            <root url="jar://$USER_HOME$/.jdks/corretto-18.0.2/lib/src.zip!/java.desktop" type="simple" />
            <root url="jar://$USER_HOME$/.jdks/corretto-18.0.2/lib/src.zip!/java.logging" type="simple" />
            <root url="jar://$USER_HOME$/.jdks/corretto-18.0.2/lib/src.zip!/jdk.charsets" type="simple" />
            <root url="jar://$USER_HOME$/.jdks/corretto-18.0.2/lib/src.zip!/jdk.compiler" type="simple" />
            <root url="jar://$USER_HOME$/.jdks/corretto-18.0.2/lib/src.zip!/jdk.dynalink" type="simple" />
            <root url="jar://$USER_HOME$/.jdks/corretto-18.0.2/lib/src.zip!/jdk.jconsole" type="simple" />
            <root url="jar://$USER_HOME$/.jdks/corretto-18.0.2/lib/src.zip!/jdk.jpackage" type="simple" />
            <root url="jar://$USER_HOME$/.jdks/corretto-18.0.2/lib/src.zip!/jdk.jsobject" type="simple" />
            <root url="jar://$USER_HOME$/.jdks/corretto-18.0.2/lib/src.zip!/java.compiler" type="simple" />
            <root url="jar://$USER_HOME$/.jdks/corretto-18.0.2/lib/src.zip!/java.net.http" type="simple" />
            <root url="jar://$USER_HOME$/.jdks/corretto-18.0.2/lib/src.zip!/jdk.crypto.ec" type="simple" />
            <root url="jar://$USER_HOME$/.jdks/corretto-18.0.2/lib/src.zip!/java.scripting" type="simple" />
            <root url="jar://$USER_HOME$/.jdks/corretto-18.0.2/lib/src.zip!/jdk.httpserver" type="simple" />
            <root url="jar://$USER_HOME$/.jdks/corretto-18.0.2/lib/src.zip!/jdk.jdwp.agent" type="simple" />
            <root url="jar://$USER_HOME$/.jdks/corretto-18.0.2/lib/src.zip!/jdk.localedata" type="simple" />
            <root url="jar://$USER_HOME$/.jdks/corretto-18.0.2/lib/src.zip!/jdk.management" type="simple" />
            <root url="jar://$USER_HOME$/.jdks/corretto-18.0.2/lib/src.zip!/jdk.naming.dns" type="simple" />
            <root url="jar://$USER_HOME$/.jdks/corretto-18.0.2/lib/src.zip!/jdk.naming.rmi" type="simple" />
            <root url="jar://$USER_HOME$/.jdks/corretto-18.0.2/lib/src.zip!/java.instrument" type="simple" />
            <root url="jar://$USER_HOME$/.jdks/corretto-18.0.2/lib/src.zip!/java.management" type="simple" />
            <root url="jar://$USER_HOME$/.jdks/corretto-18.0.2/lib/src.zip!/java.sql.rowset" type="simple" />
            <root url="jar://$USER_HOME$/.jdks/corretto-18.0.2/lib/src.zip!/java.xml.crypto" type="simple" />
            <root url="jar://$USER_HOME$/.jdks/corretto-18.0.2/lib/src.zip!/jdk.internal.ed" type="simple" />
            <root url="jar://$USER_HOME$/.jdks/corretto-18.0.2/lib/src.zip!/jdk.internal.le" type="simple" />
            <root url="jar://$USER_HOME$/.jdks/corretto-18.0.2/lib/src.zip!/jdk.nio.mapmode" type="simple" />
            <root url="jar://$USER_HOME$/.jdks/corretto-18.0.2/lib/src.zip!/jdk.unsupported" type="simple" />
            <root url="jar://$USER_HOME$/.jdks/corretto-18.0.2/lib/src.zip!/java.smartcardio" type="simple" />
            <root url="jar://$USER_HOME$/.jdks/corretto-18.0.2/lib/src.zip!/jdk.internal.opt" type="simple" />
            <root url="jar://$USER_HOME$/.jdks/corretto-18.0.2/lib/src.zip!/java.datatransfer" type="simple" />
            <root url="jar://$USER_HOME$/.jdks/corretto-18.0.2/lib/src.zip!/jdk.accessibility" type="simple" />
            <root url="jar://$USER_HOME$/.jdks/corretto-18.0.2/lib/src.zip!/jdk.crypto.mscapi" type="simple" />
            <root url="jar://$USER_HOME$/.jdks/corretto-18.0.2/lib/src.zip!/jdk.hotspot.agent" type="simple" />
            <root url="jar://$USER_HOME$/.jdks/corretto-18.0.2/lib/src.zip!/jdk.security.auth" type="simple" />
            <root url="jar://$USER_HOME$/.jdks/corretto-18.0.2/lib/src.zip!/jdk.security.jgss" type="simple" />
            <root url="jar://$USER_HOME$/.jdks/corretto-18.0.2/lib/src.zip!/java.security.jgss" type="simple" />
            <root url="jar://$USER_HOME$/.jdks/corretto-18.0.2/lib/src.zip!/java.security.sasl" type="simple" />
            <root url="jar://$USER_HOME$/.jdks/corretto-18.0.2/lib/src.zip!/jdk.internal.vm.ci" type="simple" />
            <root url="jar://$USER_HOME$/.jdks/corretto-18.0.2/lib/src.zip!/jdk.management.jfr" type="simple" />
            <root url="jar://$USER_HOME$/.jdks/corretto-18.0.2/lib/src.zip!/java.management.rmi" type="simple" />
            <root url="jar://$USER_HOME$/.jdks/corretto-18.0.2/lib/src.zip!/java.transaction.xa" type="simple" />
            <root url="jar://$USER_HOME$/.jdks/corretto-18.0.2/lib/src.zip!/jdk.crypto.cryptoki" type="simple" />
            <root url="jar://$USER_HOME$/.jdks/corretto-18.0.2/lib/src.zip!/jdk.incubator.vector" type="simple" />
            <root url="jar://$USER_HOME$/.jdks/corretto-18.0.2/lib/src.zip!/jdk.internal.jvmstat" type="simple" />
            <root url="jar://$USER_HOME$/.jdks/corretto-18.0.2/lib/src.zip!/jdk.management.agent" type="simple" />
            <root url="jar://$USER_HOME$/.jdks/corretto-18.0.2/lib/src.zip!/jdk.incubator.foreign" type="simple" />
            <root url="jar://$USER_HOME$/.jdks/corretto-18.0.2/lib/src.zip!/jdk.unsupported.desktop" type="simple" />
            <root url="jar://$USER_HOME$/.jdks/corretto-18.0.2/lib/src.zip!/jdk.internal.vm.compiler" type="simple" />
            <root url="jar://$USER_HOME$/.jdks/corretto-18.0.2/lib/src.zip!/jdk.internal.vm.compiler.management" type="simple" />
          </root>
        </sourcePath>
      </roots>
      <additional />
    </jdk>
    <jdk version="2">
      <name value="temurin-19" />
      <type value="JavaSDK" />
      <version value="Eclipse Temurin version 19.0.2" />
      <homePath value="$USER_HOME$/.jdks/temurin-19.0.2" />
      <roots>
        <annotationsPath>
          <root type="composite">
            <root url="jar://$APPLICATION_HOME_DIR$/plugins/java/lib/resources/jdkAnnotations.jar!/" type="simple" />
          </root>
        </annotationsPath>
        <classPath>
          <root type="composite">
            <root url="jrt://$USER_HOME$/.jdks/temurin-19.0.2!/java.base" type="simple" />
            <root url="jrt://$USER_HOME$/.jdks/temurin-19.0.2!/java.compiler" type="simple" />
            <root url="jrt://$USER_HOME$/.jdks/temurin-19.0.2!/java.datatransfer" type="simple" />
            <root url="jrt://$USER_HOME$/.jdks/temurin-19.0.2!/java.desktop" type="simple" />
            <root url="jrt://$USER_HOME$/.jdks/temurin-19.0.2!/java.instrument" type="simple" />
            <root url="jrt://$USER_HOME$/.jdks/temurin-19.0.2!/java.logging" type="simple" />
            <root url="jrt://$USER_HOME$/.jdks/temurin-19.0.2!/java.management" type="simple" />
            <root url="jrt://$USER_HOME$/.jdks/temurin-19.0.2!/java.management.rmi" type="simple" />
            <root url="jrt://$USER_HOME$/.jdks/temurin-19.0.2!/java.naming" type="simple" />
            <root url="jrt://$USER_HOME$/.jdks/temurin-19.0.2!/java.net.http" type="simple" />
            <root url="jrt://$USER_HOME$/.jdks/temurin-19.0.2!/java.prefs" type="simple" />
            <root url="jrt://$USER_HOME$/.jdks/temurin-19.0.2!/java.rmi" type="simple" />
            <root url="jrt://$USER_HOME$/.jdks/temurin-19.0.2!/java.scripting" type="simple" />
            <root url="jrt://$USER_HOME$/.jdks/temurin-19.0.2!/java.se" type="simple" />
            <root url="jrt://$USER_HOME$/.jdks/temurin-19.0.2!/java.security.jgss" type="simple" />
            <root url="jrt://$USER_HOME$/.jdks/temurin-19.0.2!/java.security.sasl" type="simple" />
            <root url="jrt://$USER_HOME$/.jdks/temurin-19.0.2!/java.smartcardio" type="simple" />
            <root url="jrt://$USER_HOME$/.jdks/temurin-19.0.2!/java.sql" type="simple" />
            <root url="jrt://$USER_HOME$/.jdks/temurin-19.0.2!/java.sql.rowset" type="simple" />
            <root url="jrt://$USER_HOME$/.jdks/temurin-19.0.2!/java.transaction.xa" type="simple" />
            <root url="jrt://$USER_HOME$/.jdks/temurin-19.0.2!/java.xml" type="simple" />
            <root url="jrt://$USER_HOME$/.jdks/temurin-19.0.2!/java.xml.crypto" type="simple" />
            <root url="jrt://$USER_HOME$/.jdks/temurin-19.0.2!/jdk.accessibility" type="simple" />
            <root url="jrt://$USER_HOME$/.jdks/temurin-19.0.2!/jdk.attach" type="simple" />
            <root url="jrt://$USER_HOME$/.jdks/temurin-19.0.2!/jdk.charsets" type="simple" />
            <root url="jrt://$USER_HOME$/.jdks/temurin-19.0.2!/jdk.compiler" type="simple" />
            <root url="jrt://$USER_HOME$/.jdks/temurin-19.0.2!/jdk.crypto.cryptoki" type="simple" />
            <root url="jrt://$USER_HOME$/.jdks/temurin-19.0.2!/jdk.crypto.ec" type="simple" />
            <root url="jrt://$USER_HOME$/.jdks/temurin-19.0.2!/jdk.crypto.mscapi" type="simple" />
            <root url="jrt://$USER_HOME$/.jdks/temurin-19.0.2!/jdk.dynalink" type="simple" />
            <root url="jrt://$USER_HOME$/.jdks/temurin-19.0.2!/jdk.editpad" type="simple" />
            <root url="jrt://$USER_HOME$/.jdks/temurin-19.0.2!/jdk.hotspot.agent" type="simple" />
            <root url="jrt://$USER_HOME$/.jdks/temurin-19.0.2!/jdk.httpserver" type="simple" />
            <root url="jrt://$USER_HOME$/.jdks/temurin-19.0.2!/jdk.incubator.concurrent" type="simple" />
            <root url="jrt://$USER_HOME$/.jdks/temurin-19.0.2!/jdk.incubator.vector" type="simple" />
            <root url="jrt://$USER_HOME$/.jdks/temurin-19.0.2!/jdk.internal.ed" type="simple" />
            <root url="jrt://$USER_HOME$/.jdks/temurin-19.0.2!/jdk.internal.jvmstat" type="simple" />
            <root url="jrt://$USER_HOME$/.jdks/temurin-19.0.2!/jdk.internal.le" type="simple" />
            <root url="jrt://$USER_HOME$/.jdks/temurin-19.0.2!/jdk.internal.opt" type="simple" />
            <root url="jrt://$USER_HOME$/.jdks/temurin-19.0.2!/jdk.internal.vm.ci" type="simple" />
            <root url="jrt://$USER_HOME$/.jdks/temurin-19.0.2!/jdk.internal.vm.compiler" type="simple" />
            <root url="jrt://$USER_HOME$/.jdks/temurin-19.0.2!/jdk.internal.vm.compiler.management" type="simple" />
            <root url="jrt://$USER_HOME$/.jdks/temurin-19.0.2!/jdk.jartool" type="simple" />
            <root url="jrt://$USER_HOME$/.jdks/temurin-19.0.2!/jdk.javadoc" type="simple" />
            <root url="jrt://$USER_HOME$/.jdks/temurin-19.0.2!/jdk.jcmd" type="simple" />
            <root url="jrt://$USER_HOME$/.jdks/temurin-19.0.2!/jdk.jconsole" type="simple" />
            <root url="jrt://$USER_HOME$/.jdks/temurin-19.0.2!/jdk.jdeps" type="simple" />
            <root url="jrt://$USER_HOME$/.jdks/temurin-19.0.2!/jdk.jdi" type="simple" />
            <root url="jrt://$USER_HOME$/.jdks/temurin-19.0.2!/jdk.jdwp.agent" type="simple" />
            <root url="jrt://$USER_HOME$/.jdks/temurin-19.0.2!/jdk.jfr" type="simple" />
            <root url="jrt://$USER_HOME$/.jdks/temurin-19.0.2!/jdk.jlink" type="simple" />
            <root url="jrt://$USER_HOME$/.jdks/temurin-19.0.2!/jdk.jpackage" type="simple" />
            <root url="jrt://$USER_HOME$/.jdks/temurin-19.0.2!/jdk.jshell" type="simple" />
            <root url="jrt://$USER_HOME$/.jdks/temurin-19.0.2!/jdk.jsobject" type="simple" />
            <root url="jrt://$USER_HOME$/.jdks/temurin-19.0.2!/jdk.jstatd" type="simple" />
            <root url="jrt://$USER_HOME$/.jdks/temurin-19.0.2!/jdk.localedata" type="simple" />
            <root url="jrt://$USER_HOME$/.jdks/temurin-19.0.2!/jdk.management" type="simple" />
            <root url="jrt://$USER_HOME$/.jdks/temurin-19.0.2!/jdk.management.agent" type="simple" />
            <root url="jrt://$USER_HOME$/.jdks/temurin-19.0.2!/jdk.management.jfr" type="simple" />
            <root url="jrt://$USER_HOME$/.jdks/temurin-19.0.2!/jdk.naming.dns" type="simple" />
            <root url="jrt://$USER_HOME$/.jdks/temurin-19.0.2!/jdk.naming.rmi" type="simple" />
            <root url="jrt://$USER_HOME$/.jdks/temurin-19.0.2!/jdk.net" type="simple" />
            <root url="jrt://$USER_HOME$/.jdks/temurin-19.0.2!/jdk.nio.mapmode" type="simple" />
            <root url="jrt://$USER_HOME$/.jdks/temurin-19.0.2!/jdk.random" type="simple" />
            <root url="jrt://$USER_HOME$/.jdks/temurin-19.0.2!/jdk.sctp" type="simple" />
            <root url="jrt://$USER_HOME$/.jdks/temurin-19.0.2!/jdk.security.auth" type="simple" />
            <root url="jrt://$USER_HOME$/.jdks/temurin-19.0.2!/jdk.security.jgss" type="simple" />
            <root url="jrt://$USER_HOME$/.jdks/temurin-19.0.2!/jdk.unsupported" type="simple" />
            <root url="jrt://$USER_HOME$/.jdks/temurin-19.0.2!/jdk.unsupported.desktop" type="simple" />
            <root url="jrt://$USER_HOME$/.jdks/temurin-19.0.2!/jdk.xml.dom" type="simple" />
            <root url="jrt://$USER_HOME$/.jdks/temurin-19.0.2!/jdk.zipfs" type="simple" />
          </root>
        </classPath>
        <javadocPath>
          <root type="composite" />
        </javadocPath>
        <sourcePath>
          <root type="composite">
            <root url="jar://$USER_HOME$/.jdks/temurin-19.0.2/lib/src.zip!/java.se" type="simple" />
            <root url="jar://$USER_HOME$/.jdks/temurin-19.0.2/lib/src.zip!/jdk.jdi" type="simple" />
            <root url="jar://$USER_HOME$/.jdks/temurin-19.0.2/lib/src.zip!/jdk.jfr" type="simple" />
            <root url="jar://$USER_HOME$/.jdks/temurin-19.0.2/lib/src.zip!/jdk.net" type="simple" />
            <root url="jar://$USER_HOME$/.jdks/temurin-19.0.2/lib/src.zip!/java.rmi" type="simple" />
            <root url="jar://$USER_HOME$/.jdks/temurin-19.0.2/lib/src.zip!/java.sql" type="simple" />
            <root url="jar://$USER_HOME$/.jdks/temurin-19.0.2/lib/src.zip!/java.xml" type="simple" />
            <root url="jar://$USER_HOME$/.jdks/temurin-19.0.2/lib/src.zip!/jdk.jcmd" type="simple" />
            <root url="jar://$USER_HOME$/.jdks/temurin-19.0.2/lib/src.zip!/jdk.sctp" type="simple" />
            <root url="jar://$USER_HOME$/.jdks/temurin-19.0.2/lib/src.zip!/java.base" type="simple" />
            <root url="jar://$USER_HOME$/.jdks/temurin-19.0.2/lib/src.zip!/jdk.jdeps" type="simple" />
            <root url="jar://$USER_HOME$/.jdks/temurin-19.0.2/lib/src.zip!/jdk.jlink" type="simple" />
            <root url="jar://$USER_HOME$/.jdks/temurin-19.0.2/lib/src.zip!/jdk.zipfs" type="simple" />
            <root url="jar://$USER_HOME$/.jdks/temurin-19.0.2/lib/src.zip!/java.prefs" type="simple" />
            <root url="jar://$USER_HOME$/.jdks/temurin-19.0.2/lib/src.zip!/jdk.attach" type="simple" />
            <root url="jar://$USER_HOME$/.jdks/temurin-19.0.2/lib/src.zip!/jdk.jshell" type="simple" />
            <root url="jar://$USER_HOME$/.jdks/temurin-19.0.2/lib/src.zip!/jdk.jstatd" type="simple" />
            <root url="jar://$USER_HOME$/.jdks/temurin-19.0.2/lib/src.zip!/jdk.random" type="simple" />
            <root url="jar://$USER_HOME$/.jdks/temurin-19.0.2/lib/src.zip!/java.naming" type="simple" />
            <root url="jar://$USER_HOME$/.jdks/temurin-19.0.2/lib/src.zip!/jdk.editpad" type="simple" />
            <root url="jar://$USER_HOME$/.jdks/temurin-19.0.2/lib/src.zip!/jdk.jartool" type="simple" />
            <root url="jar://$USER_HOME$/.jdks/temurin-19.0.2/lib/src.zip!/jdk.javadoc" type="simple" />
            <root url="jar://$USER_HOME$/.jdks/temurin-19.0.2/lib/src.zip!/jdk.xml.dom" type="simple" />
            <root url="jar://$USER_HOME$/.jdks/temurin-19.0.2/lib/src.zip!/java.desktop" type="simple" />
            <root url="jar://$USER_HOME$/.jdks/temurin-19.0.2/lib/src.zip!/java.logging" type="simple" />
            <root url="jar://$USER_HOME$/.jdks/temurin-19.0.2/lib/src.zip!/jdk.charsets" type="simple" />
            <root url="jar://$USER_HOME$/.jdks/temurin-19.0.2/lib/src.zip!/jdk.compiler" type="simple" />
            <root url="jar://$USER_HOME$/.jdks/temurin-19.0.2/lib/src.zip!/jdk.dynalink" type="simple" />
            <root url="jar://$USER_HOME$/.jdks/temurin-19.0.2/lib/src.zip!/jdk.jconsole" type="simple" />
            <root url="jar://$USER_HOME$/.jdks/temurin-19.0.2/lib/src.zip!/jdk.jpackage" type="simple" />
            <root url="jar://$USER_HOME$/.jdks/temurin-19.0.2/lib/src.zip!/jdk.jsobject" type="simple" />
            <root url="jar://$USER_HOME$/.jdks/temurin-19.0.2/lib/src.zip!/java.compiler" type="simple" />
            <root url="jar://$USER_HOME$/.jdks/temurin-19.0.2/lib/src.zip!/java.net.http" type="simple" />
            <root url="jar://$USER_HOME$/.jdks/temurin-19.0.2/lib/src.zip!/jdk.crypto.ec" type="simple" />
            <root url="jar://$USER_HOME$/.jdks/temurin-19.0.2/lib/src.zip!/java.scripting" type="simple" />
            <root url="jar://$USER_HOME$/.jdks/temurin-19.0.2/lib/src.zip!/jdk.httpserver" type="simple" />
            <root url="jar://$USER_HOME$/.jdks/temurin-19.0.2/lib/src.zip!/jdk.jdwp.agent" type="simple" />
            <root url="jar://$USER_HOME$/.jdks/temurin-19.0.2/lib/src.zip!/jdk.localedata" type="simple" />
            <root url="jar://$USER_HOME$/.jdks/temurin-19.0.2/lib/src.zip!/jdk.management" type="simple" />
            <root url="jar://$USER_HOME$/.jdks/temurin-19.0.2/lib/src.zip!/jdk.naming.dns" type="simple" />
            <root url="jar://$USER_HOME$/.jdks/temurin-19.0.2/lib/src.zip!/jdk.naming.rmi" type="simple" />
            <root url="jar://$USER_HOME$/.jdks/temurin-19.0.2/lib/src.zip!/java.instrument" type="simple" />
            <root url="jar://$USER_HOME$/.jdks/temurin-19.0.2/lib/src.zip!/java.management" type="simple" />
            <root url="jar://$USER_HOME$/.jdks/temurin-19.0.2/lib/src.zip!/java.sql.rowset" type="simple" />
            <root url="jar://$USER_HOME$/.jdks/temurin-19.0.2/lib/src.zip!/java.xml.crypto" type="simple" />
            <root url="jar://$USER_HOME$/.jdks/temurin-19.0.2/lib/src.zip!/jdk.internal.ed" type="simple" />
            <root url="jar://$USER_HOME$/.jdks/temurin-19.0.2/lib/src.zip!/jdk.internal.le" type="simple" />
            <root url="jar://$USER_HOME$/.jdks/temurin-19.0.2/lib/src.zip!/jdk.nio.mapmode" type="simple" />
            <root url="jar://$USER_HOME$/.jdks/temurin-19.0.2/lib/src.zip!/jdk.unsupported" type="simple" />
            <root url="jar://$USER_HOME$/.jdks/temurin-19.0.2/lib/src.zip!/java.smartcardio" type="simple" />
            <root url="jar://$USER_HOME$/.jdks/temurin-19.0.2/lib/src.zip!/jdk.internal.opt" type="simple" />
            <root url="jar://$USER_HOME$/.jdks/temurin-19.0.2/lib/src.zip!/java.datatransfer" type="simple" />
            <root url="jar://$USER_HOME$/.jdks/temurin-19.0.2/lib/src.zip!/jdk.accessibility" type="simple" />
            <root url="jar://$USER_HOME$/.jdks/temurin-19.0.2/lib/src.zip!/jdk.crypto.mscapi" type="simple" />
            <root url="jar://$USER_HOME$/.jdks/temurin-19.0.2/lib/src.zip!/jdk.hotspot.agent" type="simple" />
            <root url="jar://$USER_HOME$/.jdks/temurin-19.0.2/lib/src.zip!/jdk.security.auth" type="simple" />
            <root url="jar://$USER_HOME$/.jdks/temurin-19.0.2/lib/src.zip!/jdk.security.jgss" type="simple" />
            <root url="jar://$USER_HOME$/.jdks/temurin-19.0.2/lib/src.zip!/java.security.jgss" type="simple" />
            <root url="jar://$USER_HOME$/.jdks/temurin-19.0.2/lib/src.zip!/java.security.sasl" type="simple" />
            <root url="jar://$USER_HOME$/.jdks/temurin-19.0.2/lib/src.zip!/jdk.internal.vm.ci" type="simple" />
            <root url="jar://$USER_HOME$/.jdks/temurin-19.0.2/lib/src.zip!/jdk.management.jfr" type="simple" />
            <root url="jar://$USER_HOME$/.jdks/temurin-19.0.2/lib/src.zip!/java.management.rmi" type="simple" />
            <root url="jar://$USER_HOME$/.jdks/temurin-19.0.2/lib/src.zip!/java.transaction.xa" type="simple" />
            <root url="jar://$USER_HOME$/.jdks/temurin-19.0.2/lib/src.zip!/jdk.crypto.cryptoki" type="simple" />
            <root url="jar://$USER_HOME$/.jdks/temurin-19.0.2/lib/src.zip!/jdk.incubator.vector" type="simple" />
            <root url="jar://$USER_HOME$/.jdks/temurin-19.0.2/lib/src.zip!/jdk.internal.jvmstat" type="simple" />
            <root url="jar://$USER_HOME$/.jdks/temurin-19.0.2/lib/src.zip!/jdk.management.agent" type="simple" />
            <root url="jar://$USER_HOME$/.jdks/temurin-19.0.2/lib/src.zip!/jdk.unsupported.desktop" type="simple" />
            <root url="jar://$USER_HOME$/.jdks/temurin-19.0.2/lib/src.zip!/jdk.incubator.concurrent" type="simple" />
            <root url="jar://$USER_HOME$/.jdks/temurin-19.0.2/lib/src.zip!/jdk.internal.vm.compiler" type="simple" />
            <root url="jar://$USER_HOME$/.jdks/temurin-19.0.2/lib/src.zip!/jdk.internal.vm.compiler.management" type="simple" />
          </root>
        </sourcePath>
      </roots>
      <additional />
    </jdk>
  </component>
</application>