<application>
  <component name="AndroidLogcatFilterHistory">
    <option name="mostRecentlyUsed" value="package:com.fanfanlo.droid" />
    <option name="nonFavorites">
      <list>
        <option value="package:com.fanfanlo.droid" />
        <option value="package:mine " />
        <option value="package:mine ffffffffffffaaaaaaaaaaaaa" />
        <option value="package:mine parseWindowEvent" />
        <option value="package:mine parse by event" />
        <option value="package:com.fanfanlo.droid.debug " />
        <option value="package:com.fanfanlo.droid.debug xxxxx | &quot;on event time is&quot;" />
        <option value="package:com.fanfanlo.droid.debug xxxxx | on event time is" />
        <option value="package:com.fanfanlo.droid.debug xxxxx" />
        <option value="package:com.fanfanlo.droid.debug on event type is" />
        <option value="package:com.fanfanlo.droid.debug" />
        <option value="package:com.fanfanlo.droid.debug  parse by event" />
        <option value="package:com.fanfanlo.droid.debug window type is" />
        <option value="package:com.fanfanlo.droid.debug , cn2 is" />
        <option value="package:com.fanfanlo.droid.debug pn is" />
        <option value="package:com.fanfanlo.droid.debug checkActivity" />
        <option value="package:com.fanfanlo.droid.debug task complete" />
        <option value="package:com.fanfanlo.droid.debug mission step title" />
        <option value="package:com.fanfanlo.droid.debug sf proxy break" />
        <option value="package:com.fanfanlo.droid.debug event.eventType is" />
      </list>
    </option>
  </component>
</application>