<application>
  <component name="ConsoleFoldingSettings">
    <option name="addedPositive">
      <list>
        <option value="D/MediaCodec:" />
        <option value="D/skia: onFlyCompress" />
        <option value="E/FileUtils: err" />
        <option value="E/GPUAUX: [AUX]GuiExtAuxCheckAuxPath:663: Null anb" />
        <option value="E/gralloc4: Empty SMPTE 2094-40 data" />
        <option value="I/INFER_NDK:" />
        <option value="I/InferManager:" />
        <option value="V/studio.deploy: Prior agent invocations in this VM" />
      </list>
    </option>
  </component>
</application>