<application>
  <component name="GeneralSettings">
    <option name="confirmOpenNewProject2" value="0" />
    <option name="processCloseConfirmation" value="DISCONNECT" />
    <option name="showTipsOnStartup" value="false" />
  </component>
  <component name="Registry">
    <entry key="external.system.auto.import.disabled" value="true" />
    <entry key="ide.text.editor.with.preview.show.floating.toolbar" value="false" />
    <entry key="ide.images.show.chessboard" value="true" />
  </component>
</application>