<application>
  <component name="ProjectJdkTable">
    <jdk version="2">
      <name value="14" />
      <type value="JavaSDK" />
      <homePath value="D:/Program Files/Java/jdk" />
      <roots>
        <annotationsPath>
          <root type="composite">
            <root url="jar://$APPLICATION_HOME_DIR$/plugins/java/lib/jdkAnnotations.jar!/" type="simple" />
          </root>
        </annotationsPath>
        <classPath>
          <root type="composite">
            <root url="jrt://D:/Program Files/Java/jdk!/java.base" type="simple" />
            <root url="jrt://D:/Program Files/Java/jdk!/java.compiler" type="simple" />
            <root url="jrt://D:/Program Files/Java/jdk!/java.datatransfer" type="simple" />
            <root url="jrt://D:/Program Files/Java/jdk!/java.desktop" type="simple" />
            <root url="jrt://D:/Program Files/Java/jdk!/java.instrument" type="simple" />
            <root url="jrt://D:/Program Files/Java/jdk!/java.logging" type="simple" />
            <root url="jrt://D:/Program Files/Java/jdk!/java.management" type="simple" />
            <root url="jrt://D:/Program Files/Java/jdk!/java.management.rmi" type="simple" />
            <root url="jrt://D:/Program Files/Java/jdk!/java.naming" type="simple" />
            <root url="jrt://D:/Program Files/Java/jdk!/java.net.http" type="simple" />
            <root url="jrt://D:/Program Files/Java/jdk!/java.prefs" type="simple" />
            <root url="jrt://D:/Program Files/Java/jdk!/java.rmi" type="simple" />
            <root url="jrt://D:/Program Files/Java/jdk!/java.scripting" type="simple" />
            <root url="jrt://D:/Program Files/Java/jdk!/java.se" type="simple" />
            <root url="jrt://D:/Program Files/Java/jdk!/java.security.jgss" type="simple" />
            <root url="jrt://D:/Program Files/Java/jdk!/java.security.sasl" type="simple" />
            <root url="jrt://D:/Program Files/Java/jdk!/java.smartcardio" type="simple" />
            <root url="jrt://D:/Program Files/Java/jdk!/java.sql" type="simple" />
            <root url="jrt://D:/Program Files/Java/jdk!/java.sql.rowset" type="simple" />
            <root url="jrt://D:/Program Files/Java/jdk!/java.transaction.xa" type="simple" />
            <root url="jrt://D:/Program Files/Java/jdk!/java.xml" type="simple" />
            <root url="jrt://D:/Program Files/Java/jdk!/java.xml.crypto" type="simple" />
            <root url="jrt://D:/Program Files/Java/jdk!/jdk.accessibility" type="simple" />
            <root url="jrt://D:/Program Files/Java/jdk!/jdk.aot" type="simple" />
            <root url="jrt://D:/Program Files/Java/jdk!/jdk.attach" type="simple" />
            <root url="jrt://D:/Program Files/Java/jdk!/jdk.charsets" type="simple" />
            <root url="jrt://D:/Program Files/Java/jdk!/jdk.compiler" type="simple" />
            <root url="jrt://D:/Program Files/Java/jdk!/jdk.crypto.cryptoki" type="simple" />
            <root url="jrt://D:/Program Files/Java/jdk!/jdk.crypto.ec" type="simple" />
            <root url="jrt://D:/Program Files/Java/jdk!/jdk.crypto.mscapi" type="simple" />
            <root url="jrt://D:/Program Files/Java/jdk!/jdk.dynalink" type="simple" />
            <root url="jrt://D:/Program Files/Java/jdk!/jdk.editpad" type="simple" />
            <root url="jrt://D:/Program Files/Java/jdk!/jdk.hotspot.agent" type="simple" />
            <root url="jrt://D:/Program Files/Java/jdk!/jdk.httpserver" type="simple" />
            <root url="jrt://D:/Program Files/Java/jdk!/jdk.incubator.foreign" type="simple" />
            <root url="jrt://D:/Program Files/Java/jdk!/jdk.incubator.jpackage" type="simple" />
            <root url="jrt://D:/Program Files/Java/jdk!/jdk.internal.ed" type="simple" />
            <root url="jrt://D:/Program Files/Java/jdk!/jdk.internal.jvmstat" type="simple" />
            <root url="jrt://D:/Program Files/Java/jdk!/jdk.internal.le" type="simple" />
            <root url="jrt://D:/Program Files/Java/jdk!/jdk.internal.opt" type="simple" />
            <root url="jrt://D:/Program Files/Java/jdk!/jdk.internal.vm.ci" type="simple" />
            <root url="jrt://D:/Program Files/Java/jdk!/jdk.internal.vm.compiler" type="simple" />
            <root url="jrt://D:/Program Files/Java/jdk!/jdk.internal.vm.compiler.management" type="simple" />
            <root url="jrt://D:/Program Files/Java/jdk!/jdk.jartool" type="simple" />
            <root url="jrt://D:/Program Files/Java/jdk!/jdk.javadoc" type="simple" />
            <root url="jrt://D:/Program Files/Java/jdk!/jdk.jcmd" type="simple" />
            <root url="jrt://D:/Program Files/Java/jdk!/jdk.jconsole" type="simple" />
            <root url="jrt://D:/Program Files/Java/jdk!/jdk.jdeps" type="simple" />
            <root url="jrt://D:/Program Files/Java/jdk!/jdk.jdi" type="simple" />
            <root url="jrt://D:/Program Files/Java/jdk!/jdk.jdwp.agent" type="simple" />
            <root url="jrt://D:/Program Files/Java/jdk!/jdk.jfr" type="simple" />
            <root url="jrt://D:/Program Files/Java/jdk!/jdk.jlink" type="simple" />
            <root url="jrt://D:/Program Files/Java/jdk!/jdk.jshell" type="simple" />
            <root url="jrt://D:/Program Files/Java/jdk!/jdk.jsobject" type="simple" />
            <root url="jrt://D:/Program Files/Java/jdk!/jdk.jstatd" type="simple" />
            <root url="jrt://D:/Program Files/Java/jdk!/jdk.localedata" type="simple" />
            <root url="jrt://D:/Program Files/Java/jdk!/jdk.management" type="simple" />
            <root url="jrt://D:/Program Files/Java/jdk!/jdk.management.agent" type="simple" />
            <root url="jrt://D:/Program Files/Java/jdk!/jdk.management.jfr" type="simple" />
            <root url="jrt://D:/Program Files/Java/jdk!/jdk.naming.dns" type="simple" />
            <root url="jrt://D:/Program Files/Java/jdk!/jdk.naming.rmi" type="simple" />
            <root url="jrt://D:/Program Files/Java/jdk!/jdk.net" type="simple" />
            <root url="jrt://D:/Program Files/Java/jdk!/jdk.nio.mapmode" type="simple" />
            <root url="jrt://D:/Program Files/Java/jdk!/jdk.rmic" type="simple" />
            <root url="jrt://D:/Program Files/Java/jdk!/jdk.scripting.nashorn" type="simple" />
            <root url="jrt://D:/Program Files/Java/jdk!/jdk.scripting.nashorn.shell" type="simple" />
            <root url="jrt://D:/Program Files/Java/jdk!/jdk.sctp" type="simple" />
            <root url="jrt://D:/Program Files/Java/jdk!/jdk.security.auth" type="simple" />
            <root url="jrt://D:/Program Files/Java/jdk!/jdk.security.jgss" type="simple" />
            <root url="jrt://D:/Program Files/Java/jdk!/jdk.unsupported" type="simple" />
            <root url="jrt://D:/Program Files/Java/jdk!/jdk.unsupported.desktop" type="simple" />
            <root url="jrt://D:/Program Files/Java/jdk!/jdk.xml.dom" type="simple" />
            <root url="jrt://D:/Program Files/Java/jdk!/jdk.zipfs" type="simple" />
          </root>
        </classPath>
        <javadocPath>
          <root type="composite" />
        </javadocPath>
        <sourcePath>
          <root type="composite">
            <root url="jar://D:/Program Files/Java/jdk/lib/src.zip!/java.se" type="simple" />
            <root url="jar://D:/Program Files/Java/jdk/lib/src.zip!/jdk.aot" type="simple" />
            <root url="jar://D:/Program Files/Java/jdk/lib/src.zip!/jdk.jdi" type="simple" />
            <root url="jar://D:/Program Files/Java/jdk/lib/src.zip!/jdk.jfr" type="simple" />
            <root url="jar://D:/Program Files/Java/jdk/lib/src.zip!/jdk.net" type="simple" />
            <root url="jar://D:/Program Files/Java/jdk/lib/src.zip!/java.rmi" type="simple" />
            <root url="jar://D:/Program Files/Java/jdk/lib/src.zip!/java.sql" type="simple" />
            <root url="jar://D:/Program Files/Java/jdk/lib/src.zip!/java.xml" type="simple" />
            <root url="jar://D:/Program Files/Java/jdk/lib/src.zip!/jdk.jcmd" type="simple" />
            <root url="jar://D:/Program Files/Java/jdk/lib/src.zip!/jdk.rmic" type="simple" />
            <root url="jar://D:/Program Files/Java/jdk/lib/src.zip!/jdk.sctp" type="simple" />
            <root url="jar://D:/Program Files/Java/jdk/lib/src.zip!/java.base" type="simple" />
            <root url="jar://D:/Program Files/Java/jdk/lib/src.zip!/jdk.jdeps" type="simple" />
            <root url="jar://D:/Program Files/Java/jdk/lib/src.zip!/jdk.jlink" type="simple" />
            <root url="jar://D:/Program Files/Java/jdk/lib/src.zip!/jdk.zipfs" type="simple" />
            <root url="jar://D:/Program Files/Java/jdk/lib/src.zip!/java.prefs" type="simple" />
            <root url="jar://D:/Program Files/Java/jdk/lib/src.zip!/jdk.attach" type="simple" />
            <root url="jar://D:/Program Files/Java/jdk/lib/src.zip!/jdk.jshell" type="simple" />
            <root url="jar://D:/Program Files/Java/jdk/lib/src.zip!/jdk.jstatd" type="simple" />
            <root url="jar://D:/Program Files/Java/jdk/lib/src.zip!/java.naming" type="simple" />
            <root url="jar://D:/Program Files/Java/jdk/lib/src.zip!/jdk.editpad" type="simple" />
            <root url="jar://D:/Program Files/Java/jdk/lib/src.zip!/jdk.jartool" type="simple" />
            <root url="jar://D:/Program Files/Java/jdk/lib/src.zip!/jdk.javadoc" type="simple" />
            <root url="jar://D:/Program Files/Java/jdk/lib/src.zip!/jdk.xml.dom" type="simple" />
            <root url="jar://D:/Program Files/Java/jdk/lib/src.zip!/java.desktop" type="simple" />
            <root url="jar://D:/Program Files/Java/jdk/lib/src.zip!/java.logging" type="simple" />
            <root url="jar://D:/Program Files/Java/jdk/lib/src.zip!/jdk.charsets" type="simple" />
            <root url="jar://D:/Program Files/Java/jdk/lib/src.zip!/jdk.compiler" type="simple" />
            <root url="jar://D:/Program Files/Java/jdk/lib/src.zip!/jdk.dynalink" type="simple" />
            <root url="jar://D:/Program Files/Java/jdk/lib/src.zip!/jdk.jconsole" type="simple" />
            <root url="jar://D:/Program Files/Java/jdk/lib/src.zip!/jdk.jsobject" type="simple" />
            <root url="jar://D:/Program Files/Java/jdk/lib/src.zip!/java.compiler" type="simple" />
            <root url="jar://D:/Program Files/Java/jdk/lib/src.zip!/java.net.http" type="simple" />
            <root url="jar://D:/Program Files/Java/jdk/lib/src.zip!/jdk.crypto.ec" type="simple" />
            <root url="jar://D:/Program Files/Java/jdk/lib/src.zip!/java.scripting" type="simple" />
            <root url="jar://D:/Program Files/Java/jdk/lib/src.zip!/jdk.httpserver" type="simple" />
            <root url="jar://D:/Program Files/Java/jdk/lib/src.zip!/jdk.jdwp.agent" type="simple" />
            <root url="jar://D:/Program Files/Java/jdk/lib/src.zip!/jdk.localedata" type="simple" />
            <root url="jar://D:/Program Files/Java/jdk/lib/src.zip!/jdk.management" type="simple" />
            <root url="jar://D:/Program Files/Java/jdk/lib/src.zip!/jdk.naming.dns" type="simple" />
            <root url="jar://D:/Program Files/Java/jdk/lib/src.zip!/jdk.naming.rmi" type="simple" />
            <root url="jar://D:/Program Files/Java/jdk/lib/src.zip!/java.instrument" type="simple" />
            <root url="jar://D:/Program Files/Java/jdk/lib/src.zip!/java.management" type="simple" />
            <root url="jar://D:/Program Files/Java/jdk/lib/src.zip!/java.sql.rowset" type="simple" />
            <root url="jar://D:/Program Files/Java/jdk/lib/src.zip!/java.xml.crypto" type="simple" />
            <root url="jar://D:/Program Files/Java/jdk/lib/src.zip!/jdk.internal.ed" type="simple" />
            <root url="jar://D:/Program Files/Java/jdk/lib/src.zip!/jdk.internal.le" type="simple" />
            <root url="jar://D:/Program Files/Java/jdk/lib/src.zip!/jdk.nio.mapmode" type="simple" />
            <root url="jar://D:/Program Files/Java/jdk/lib/src.zip!/jdk.unsupported" type="simple" />
            <root url="jar://D:/Program Files/Java/jdk/lib/src.zip!/java.smartcardio" type="simple" />
            <root url="jar://D:/Program Files/Java/jdk/lib/src.zip!/jdk.internal.opt" type="simple" />
            <root url="jar://D:/Program Files/Java/jdk/lib/src.zip!/java.datatransfer" type="simple" />
            <root url="jar://D:/Program Files/Java/jdk/lib/src.zip!/jdk.accessibility" type="simple" />
            <root url="jar://D:/Program Files/Java/jdk/lib/src.zip!/jdk.crypto.mscapi" type="simple" />
            <root url="jar://D:/Program Files/Java/jdk/lib/src.zip!/jdk.hotspot.agent" type="simple" />
            <root url="jar://D:/Program Files/Java/jdk/lib/src.zip!/jdk.security.auth" type="simple" />
            <root url="jar://D:/Program Files/Java/jdk/lib/src.zip!/jdk.security.jgss" type="simple" />
            <root url="jar://D:/Program Files/Java/jdk/lib/src.zip!/java.security.jgss" type="simple" />
            <root url="jar://D:/Program Files/Java/jdk/lib/src.zip!/java.security.sasl" type="simple" />
            <root url="jar://D:/Program Files/Java/jdk/lib/src.zip!/jdk.internal.vm.ci" type="simple" />
            <root url="jar://D:/Program Files/Java/jdk/lib/src.zip!/jdk.management.jfr" type="simple" />
            <root url="jar://D:/Program Files/Java/jdk/lib/src.zip!/java.management.rmi" type="simple" />
            <root url="jar://D:/Program Files/Java/jdk/lib/src.zip!/java.transaction.xa" type="simple" />
            <root url="jar://D:/Program Files/Java/jdk/lib/src.zip!/jdk.crypto.cryptoki" type="simple" />
            <root url="jar://D:/Program Files/Java/jdk/lib/src.zip!/jdk.internal.jvmstat" type="simple" />
            <root url="jar://D:/Program Files/Java/jdk/lib/src.zip!/jdk.management.agent" type="simple" />
            <root url="jar://D:/Program Files/Java/jdk/lib/src.zip!/jdk.incubator.foreign" type="simple" />
            <root url="jar://D:/Program Files/Java/jdk/lib/src.zip!/jdk.scripting.nashorn" type="simple" />
            <root url="jar://D:/Program Files/Java/jdk/lib/src.zip!/jdk.incubator.jpackage" type="simple" />
            <root url="jar://D:/Program Files/Java/jdk/lib/src.zip!/jdk.unsupported.desktop" type="simple" />
            <root url="jar://D:/Program Files/Java/jdk/lib/src.zip!/jdk.internal.vm.compiler" type="simple" />
            <root url="jar://D:/Program Files/Java/jdk/lib/src.zip!/jdk.scripting.nashorn.shell" type="simple" />
            <root url="jar://D:/Program Files/Java/jdk/lib/src.zip!/jdk.internal.vm.compiler.management" type="simple" />
          </root>
        </sourcePath>
      </roots>
      <additional />
    </jdk>
    <jdk version="2">
      <name value="15" />
      <type value="JavaSDK" />
      <version value="java version &quot;15.0.1&quot;" />
      <homePath value="D:/Program Files/AdoptOpenJDK/jdk-15.0.1.9-hotspot" />
      <roots>
        <annotationsPath>
          <root type="composite">
            <root url="jar://$APPLICATION_HOME_DIR$/plugins/java/lib/jdkAnnotations.jar!/" type="simple" />
          </root>
        </annotationsPath>
        <classPath>
          <root type="composite">
            <root url="jrt://D:/Program Files/AdoptOpenJDK/jdk-15.0.1.9-hotspot!/java.base" type="simple" />
            <root url="jrt://D:/Program Files/AdoptOpenJDK/jdk-15.0.1.9-hotspot!/java.compiler" type="simple" />
            <root url="jrt://D:/Program Files/AdoptOpenJDK/jdk-15.0.1.9-hotspot!/java.datatransfer" type="simple" />
            <root url="jrt://D:/Program Files/AdoptOpenJDK/jdk-15.0.1.9-hotspot!/java.desktop" type="simple" />
            <root url="jrt://D:/Program Files/AdoptOpenJDK/jdk-15.0.1.9-hotspot!/java.instrument" type="simple" />
            <root url="jrt://D:/Program Files/AdoptOpenJDK/jdk-15.0.1.9-hotspot!/java.logging" type="simple" />
            <root url="jrt://D:/Program Files/AdoptOpenJDK/jdk-15.0.1.9-hotspot!/java.management" type="simple" />
            <root url="jrt://D:/Program Files/AdoptOpenJDK/jdk-15.0.1.9-hotspot!/java.management.rmi" type="simple" />
            <root url="jrt://D:/Program Files/AdoptOpenJDK/jdk-15.0.1.9-hotspot!/java.naming" type="simple" />
            <root url="jrt://D:/Program Files/AdoptOpenJDK/jdk-15.0.1.9-hotspot!/java.net.http" type="simple" />
            <root url="jrt://D:/Program Files/AdoptOpenJDK/jdk-15.0.1.9-hotspot!/java.prefs" type="simple" />
            <root url="jrt://D:/Program Files/AdoptOpenJDK/jdk-15.0.1.9-hotspot!/java.rmi" type="simple" />
            <root url="jrt://D:/Program Files/AdoptOpenJDK/jdk-15.0.1.9-hotspot!/java.scripting" type="simple" />
            <root url="jrt://D:/Program Files/AdoptOpenJDK/jdk-15.0.1.9-hotspot!/java.se" type="simple" />
            <root url="jrt://D:/Program Files/AdoptOpenJDK/jdk-15.0.1.9-hotspot!/java.security.jgss" type="simple" />
            <root url="jrt://D:/Program Files/AdoptOpenJDK/jdk-15.0.1.9-hotspot!/java.security.sasl" type="simple" />
            <root url="jrt://D:/Program Files/AdoptOpenJDK/jdk-15.0.1.9-hotspot!/java.smartcardio" type="simple" />
            <root url="jrt://D:/Program Files/AdoptOpenJDK/jdk-15.0.1.9-hotspot!/java.sql" type="simple" />
            <root url="jrt://D:/Program Files/AdoptOpenJDK/jdk-15.0.1.9-hotspot!/java.sql.rowset" type="simple" />
            <root url="jrt://D:/Program Files/AdoptOpenJDK/jdk-15.0.1.9-hotspot!/java.transaction.xa" type="simple" />
            <root url="jrt://D:/Program Files/AdoptOpenJDK/jdk-15.0.1.9-hotspot!/java.xml" type="simple" />
            <root url="jrt://D:/Program Files/AdoptOpenJDK/jdk-15.0.1.9-hotspot!/java.xml.crypto" type="simple" />
            <root url="jrt://D:/Program Files/AdoptOpenJDK/jdk-15.0.1.9-hotspot!/jdk.accessibility" type="simple" />
            <root url="jrt://D:/Program Files/AdoptOpenJDK/jdk-15.0.1.9-hotspot!/jdk.aot" type="simple" />
            <root url="jrt://D:/Program Files/AdoptOpenJDK/jdk-15.0.1.9-hotspot!/jdk.attach" type="simple" />
            <root url="jrt://D:/Program Files/AdoptOpenJDK/jdk-15.0.1.9-hotspot!/jdk.charsets" type="simple" />
            <root url="jrt://D:/Program Files/AdoptOpenJDK/jdk-15.0.1.9-hotspot!/jdk.compiler" type="simple" />
            <root url="jrt://D:/Program Files/AdoptOpenJDK/jdk-15.0.1.9-hotspot!/jdk.crypto.cryptoki" type="simple" />
            <root url="jrt://D:/Program Files/AdoptOpenJDK/jdk-15.0.1.9-hotspot!/jdk.crypto.ec" type="simple" />
            <root url="jrt://D:/Program Files/AdoptOpenJDK/jdk-15.0.1.9-hotspot!/jdk.crypto.mscapi" type="simple" />
            <root url="jrt://D:/Program Files/AdoptOpenJDK/jdk-15.0.1.9-hotspot!/jdk.dynalink" type="simple" />
            <root url="jrt://D:/Program Files/AdoptOpenJDK/jdk-15.0.1.9-hotspot!/jdk.editpad" type="simple" />
            <root url="jrt://D:/Program Files/AdoptOpenJDK/jdk-15.0.1.9-hotspot!/jdk.hotspot.agent" type="simple" />
            <root url="jrt://D:/Program Files/AdoptOpenJDK/jdk-15.0.1.9-hotspot!/jdk.httpserver" type="simple" />
            <root url="jrt://D:/Program Files/AdoptOpenJDK/jdk-15.0.1.9-hotspot!/jdk.incubator.foreign" type="simple" />
            <root url="jrt://D:/Program Files/AdoptOpenJDK/jdk-15.0.1.9-hotspot!/jdk.incubator.jpackage" type="simple" />
            <root url="jrt://D:/Program Files/AdoptOpenJDK/jdk-15.0.1.9-hotspot!/jdk.internal.ed" type="simple" />
            <root url="jrt://D:/Program Files/AdoptOpenJDK/jdk-15.0.1.9-hotspot!/jdk.internal.jvmstat" type="simple" />
            <root url="jrt://D:/Program Files/AdoptOpenJDK/jdk-15.0.1.9-hotspot!/jdk.internal.le" type="simple" />
            <root url="jrt://D:/Program Files/AdoptOpenJDK/jdk-15.0.1.9-hotspot!/jdk.internal.opt" type="simple" />
            <root url="jrt://D:/Program Files/AdoptOpenJDK/jdk-15.0.1.9-hotspot!/jdk.internal.vm.ci" type="simple" />
            <root url="jrt://D:/Program Files/AdoptOpenJDK/jdk-15.0.1.9-hotspot!/jdk.internal.vm.compiler" type="simple" />
            <root url="jrt://D:/Program Files/AdoptOpenJDK/jdk-15.0.1.9-hotspot!/jdk.internal.vm.compiler.management" type="simple" />
            <root url="jrt://D:/Program Files/AdoptOpenJDK/jdk-15.0.1.9-hotspot!/jdk.jartool" type="simple" />
            <root url="jrt://D:/Program Files/AdoptOpenJDK/jdk-15.0.1.9-hotspot!/jdk.javadoc" type="simple" />
            <root url="jrt://D:/Program Files/AdoptOpenJDK/jdk-15.0.1.9-hotspot!/jdk.jcmd" type="simple" />
            <root url="jrt://D:/Program Files/AdoptOpenJDK/jdk-15.0.1.9-hotspot!/jdk.jconsole" type="simple" />
            <root url="jrt://D:/Program Files/AdoptOpenJDK/jdk-15.0.1.9-hotspot!/jdk.jdeps" type="simple" />
            <root url="jrt://D:/Program Files/AdoptOpenJDK/jdk-15.0.1.9-hotspot!/jdk.jdi" type="simple" />
            <root url="jrt://D:/Program Files/AdoptOpenJDK/jdk-15.0.1.9-hotspot!/jdk.jdwp.agent" type="simple" />
            <root url="jrt://D:/Program Files/AdoptOpenJDK/jdk-15.0.1.9-hotspot!/jdk.jfr" type="simple" />
            <root url="jrt://D:/Program Files/AdoptOpenJDK/jdk-15.0.1.9-hotspot!/jdk.jlink" type="simple" />
            <root url="jrt://D:/Program Files/AdoptOpenJDK/jdk-15.0.1.9-hotspot!/jdk.jshell" type="simple" />
            <root url="jrt://D:/Program Files/AdoptOpenJDK/jdk-15.0.1.9-hotspot!/jdk.jsobject" type="simple" />
            <root url="jrt://D:/Program Files/AdoptOpenJDK/jdk-15.0.1.9-hotspot!/jdk.jstatd" type="simple" />
            <root url="jrt://D:/Program Files/AdoptOpenJDK/jdk-15.0.1.9-hotspot!/jdk.localedata" type="simple" />
            <root url="jrt://D:/Program Files/AdoptOpenJDK/jdk-15.0.1.9-hotspot!/jdk.management" type="simple" />
            <root url="jrt://D:/Program Files/AdoptOpenJDK/jdk-15.0.1.9-hotspot!/jdk.management.agent" type="simple" />
            <root url="jrt://D:/Program Files/AdoptOpenJDK/jdk-15.0.1.9-hotspot!/jdk.management.jfr" type="simple" />
            <root url="jrt://D:/Program Files/AdoptOpenJDK/jdk-15.0.1.9-hotspot!/jdk.naming.dns" type="simple" />
            <root url="jrt://D:/Program Files/AdoptOpenJDK/jdk-15.0.1.9-hotspot!/jdk.naming.rmi" type="simple" />
            <root url="jrt://D:/Program Files/AdoptOpenJDK/jdk-15.0.1.9-hotspot!/jdk.net" type="simple" />
            <root url="jrt://D:/Program Files/AdoptOpenJDK/jdk-15.0.1.9-hotspot!/jdk.nio.mapmode" type="simple" />
            <root url="jrt://D:/Program Files/AdoptOpenJDK/jdk-15.0.1.9-hotspot!/jdk.sctp" type="simple" />
            <root url="jrt://D:/Program Files/AdoptOpenJDK/jdk-15.0.1.9-hotspot!/jdk.security.auth" type="simple" />
            <root url="jrt://D:/Program Files/AdoptOpenJDK/jdk-15.0.1.9-hotspot!/jdk.security.jgss" type="simple" />
            <root url="jrt://D:/Program Files/AdoptOpenJDK/jdk-15.0.1.9-hotspot!/jdk.unsupported" type="simple" />
            <root url="jrt://D:/Program Files/AdoptOpenJDK/jdk-15.0.1.9-hotspot!/jdk.unsupported.desktop" type="simple" />
            <root url="jrt://D:/Program Files/AdoptOpenJDK/jdk-15.0.1.9-hotspot!/jdk.xml.dom" type="simple" />
            <root url="jrt://D:/Program Files/AdoptOpenJDK/jdk-15.0.1.9-hotspot!/jdk.zipfs" type="simple" />
          </root>
        </classPath>
        <javadocPath>
          <root type="composite" />
        </javadocPath>
        <sourcePath>
          <root type="composite">
            <root url="jar://D:/Program Files/AdoptOpenJDK/jdk-15.0.1.9-hotspot/lib/src.zip!/java.se" type="simple" />
            <root url="jar://D:/Program Files/AdoptOpenJDK/jdk-15.0.1.9-hotspot/lib/src.zip!/jdk.aot" type="simple" />
            <root url="jar://D:/Program Files/AdoptOpenJDK/jdk-15.0.1.9-hotspot/lib/src.zip!/jdk.jdi" type="simple" />
            <root url="jar://D:/Program Files/AdoptOpenJDK/jdk-15.0.1.9-hotspot/lib/src.zip!/jdk.jfr" type="simple" />
            <root url="jar://D:/Program Files/AdoptOpenJDK/jdk-15.0.1.9-hotspot/lib/src.zip!/jdk.net" type="simple" />
            <root url="jar://D:/Program Files/AdoptOpenJDK/jdk-15.0.1.9-hotspot/lib/src.zip!/java.rmi" type="simple" />
            <root url="jar://D:/Program Files/AdoptOpenJDK/jdk-15.0.1.9-hotspot/lib/src.zip!/java.sql" type="simple" />
            <root url="jar://D:/Program Files/AdoptOpenJDK/jdk-15.0.1.9-hotspot/lib/src.zip!/java.xml" type="simple" />
            <root url="jar://D:/Program Files/AdoptOpenJDK/jdk-15.0.1.9-hotspot/lib/src.zip!/jdk.jcmd" type="simple" />
            <root url="jar://D:/Program Files/AdoptOpenJDK/jdk-15.0.1.9-hotspot/lib/src.zip!/jdk.sctp" type="simple" />
            <root url="jar://D:/Program Files/AdoptOpenJDK/jdk-15.0.1.9-hotspot/lib/src.zip!/java.base" type="simple" />
            <root url="jar://D:/Program Files/AdoptOpenJDK/jdk-15.0.1.9-hotspot/lib/src.zip!/jdk.jdeps" type="simple" />
            <root url="jar://D:/Program Files/AdoptOpenJDK/jdk-15.0.1.9-hotspot/lib/src.zip!/jdk.jlink" type="simple" />
            <root url="jar://D:/Program Files/AdoptOpenJDK/jdk-15.0.1.9-hotspot/lib/src.zip!/jdk.zipfs" type="simple" />
            <root url="jar://D:/Program Files/AdoptOpenJDK/jdk-15.0.1.9-hotspot/lib/src.zip!/java.prefs" type="simple" />
            <root url="jar://D:/Program Files/AdoptOpenJDK/jdk-15.0.1.9-hotspot/lib/src.zip!/jdk.attach" type="simple" />
            <root url="jar://D:/Program Files/AdoptOpenJDK/jdk-15.0.1.9-hotspot/lib/src.zip!/jdk.jshell" type="simple" />
            <root url="jar://D:/Program Files/AdoptOpenJDK/jdk-15.0.1.9-hotspot/lib/src.zip!/jdk.jstatd" type="simple" />
            <root url="jar://D:/Program Files/AdoptOpenJDK/jdk-15.0.1.9-hotspot/lib/src.zip!/java.naming" type="simple" />
            <root url="jar://D:/Program Files/AdoptOpenJDK/jdk-15.0.1.9-hotspot/lib/src.zip!/jdk.editpad" type="simple" />
            <root url="jar://D:/Program Files/AdoptOpenJDK/jdk-15.0.1.9-hotspot/lib/src.zip!/jdk.jartool" type="simple" />
            <root url="jar://D:/Program Files/AdoptOpenJDK/jdk-15.0.1.9-hotspot/lib/src.zip!/jdk.javadoc" type="simple" />
            <root url="jar://D:/Program Files/AdoptOpenJDK/jdk-15.0.1.9-hotspot/lib/src.zip!/jdk.xml.dom" type="simple" />
            <root url="jar://D:/Program Files/AdoptOpenJDK/jdk-15.0.1.9-hotspot/lib/src.zip!/java.desktop" type="simple" />
            <root url="jar://D:/Program Files/AdoptOpenJDK/jdk-15.0.1.9-hotspot/lib/src.zip!/java.logging" type="simple" />
            <root url="jar://D:/Program Files/AdoptOpenJDK/jdk-15.0.1.9-hotspot/lib/src.zip!/jdk.charsets" type="simple" />
            <root url="jar://D:/Program Files/AdoptOpenJDK/jdk-15.0.1.9-hotspot/lib/src.zip!/jdk.compiler" type="simple" />
            <root url="jar://D:/Program Files/AdoptOpenJDK/jdk-15.0.1.9-hotspot/lib/src.zip!/jdk.dynalink" type="simple" />
            <root url="jar://D:/Program Files/AdoptOpenJDK/jdk-15.0.1.9-hotspot/lib/src.zip!/jdk.jconsole" type="simple" />
            <root url="jar://D:/Program Files/AdoptOpenJDK/jdk-15.0.1.9-hotspot/lib/src.zip!/jdk.jsobject" type="simple" />
            <root url="jar://D:/Program Files/AdoptOpenJDK/jdk-15.0.1.9-hotspot/lib/src.zip!/java.compiler" type="simple" />
            <root url="jar://D:/Program Files/AdoptOpenJDK/jdk-15.0.1.9-hotspot/lib/src.zip!/java.net.http" type="simple" />
            <root url="jar://D:/Program Files/AdoptOpenJDK/jdk-15.0.1.9-hotspot/lib/src.zip!/jdk.crypto.ec" type="simple" />
            <root url="jar://D:/Program Files/AdoptOpenJDK/jdk-15.0.1.9-hotspot/lib/src.zip!/java.scripting" type="simple" />
            <root url="jar://D:/Program Files/AdoptOpenJDK/jdk-15.0.1.9-hotspot/lib/src.zip!/jdk.httpserver" type="simple" />
            <root url="jar://D:/Program Files/AdoptOpenJDK/jdk-15.0.1.9-hotspot/lib/src.zip!/jdk.jdwp.agent" type="simple" />
            <root url="jar://D:/Program Files/AdoptOpenJDK/jdk-15.0.1.9-hotspot/lib/src.zip!/jdk.localedata" type="simple" />
            <root url="jar://D:/Program Files/AdoptOpenJDK/jdk-15.0.1.9-hotspot/lib/src.zip!/jdk.management" type="simple" />
            <root url="jar://D:/Program Files/AdoptOpenJDK/jdk-15.0.1.9-hotspot/lib/src.zip!/jdk.naming.dns" type="simple" />
            <root url="jar://D:/Program Files/AdoptOpenJDK/jdk-15.0.1.9-hotspot/lib/src.zip!/jdk.naming.rmi" type="simple" />
            <root url="jar://D:/Program Files/AdoptOpenJDK/jdk-15.0.1.9-hotspot/lib/src.zip!/java.instrument" type="simple" />
            <root url="jar://D:/Program Files/AdoptOpenJDK/jdk-15.0.1.9-hotspot/lib/src.zip!/java.management" type="simple" />
            <root url="jar://D:/Program Files/AdoptOpenJDK/jdk-15.0.1.9-hotspot/lib/src.zip!/java.sql.rowset" type="simple" />
            <root url="jar://D:/Program Files/AdoptOpenJDK/jdk-15.0.1.9-hotspot/lib/src.zip!/java.xml.crypto" type="simple" />
            <root url="jar://D:/Program Files/AdoptOpenJDK/jdk-15.0.1.9-hotspot/lib/src.zip!/jdk.internal.ed" type="simple" />
            <root url="jar://D:/Program Files/AdoptOpenJDK/jdk-15.0.1.9-hotspot/lib/src.zip!/jdk.internal.le" type="simple" />
            <root url="jar://D:/Program Files/AdoptOpenJDK/jdk-15.0.1.9-hotspot/lib/src.zip!/jdk.nio.mapmode" type="simple" />
            <root url="jar://D:/Program Files/AdoptOpenJDK/jdk-15.0.1.9-hotspot/lib/src.zip!/jdk.unsupported" type="simple" />
            <root url="jar://D:/Program Files/AdoptOpenJDK/jdk-15.0.1.9-hotspot/lib/src.zip!/java.smartcardio" type="simple" />
            <root url="jar://D:/Program Files/AdoptOpenJDK/jdk-15.0.1.9-hotspot/lib/src.zip!/jdk.internal.opt" type="simple" />
            <root url="jar://D:/Program Files/AdoptOpenJDK/jdk-15.0.1.9-hotspot/lib/src.zip!/java.datatransfer" type="simple" />
            <root url="jar://D:/Program Files/AdoptOpenJDK/jdk-15.0.1.9-hotspot/lib/src.zip!/jdk.accessibility" type="simple" />
            <root url="jar://D:/Program Files/AdoptOpenJDK/jdk-15.0.1.9-hotspot/lib/src.zip!/jdk.crypto.mscapi" type="simple" />
            <root url="jar://D:/Program Files/AdoptOpenJDK/jdk-15.0.1.9-hotspot/lib/src.zip!/jdk.hotspot.agent" type="simple" />
            <root url="jar://D:/Program Files/AdoptOpenJDK/jdk-15.0.1.9-hotspot/lib/src.zip!/jdk.security.auth" type="simple" />
            <root url="jar://D:/Program Files/AdoptOpenJDK/jdk-15.0.1.9-hotspot/lib/src.zip!/jdk.security.jgss" type="simple" />
            <root url="jar://D:/Program Files/AdoptOpenJDK/jdk-15.0.1.9-hotspot/lib/src.zip!/java.security.jgss" type="simple" />
            <root url="jar://D:/Program Files/AdoptOpenJDK/jdk-15.0.1.9-hotspot/lib/src.zip!/java.security.sasl" type="simple" />
            <root url="jar://D:/Program Files/AdoptOpenJDK/jdk-15.0.1.9-hotspot/lib/src.zip!/jdk.internal.vm.ci" type="simple" />
            <root url="jar://D:/Program Files/AdoptOpenJDK/jdk-15.0.1.9-hotspot/lib/src.zip!/jdk.management.jfr" type="simple" />
            <root url="jar://D:/Program Files/AdoptOpenJDK/jdk-15.0.1.9-hotspot/lib/src.zip!/java.management.rmi" type="simple" />
            <root url="jar://D:/Program Files/AdoptOpenJDK/jdk-15.0.1.9-hotspot/lib/src.zip!/java.transaction.xa" type="simple" />
            <root url="jar://D:/Program Files/AdoptOpenJDK/jdk-15.0.1.9-hotspot/lib/src.zip!/jdk.crypto.cryptoki" type="simple" />
            <root url="jar://D:/Program Files/AdoptOpenJDK/jdk-15.0.1.9-hotspot/lib/src.zip!/jdk.internal.jvmstat" type="simple" />
            <root url="jar://D:/Program Files/AdoptOpenJDK/jdk-15.0.1.9-hotspot/lib/src.zip!/jdk.management.agent" type="simple" />
            <root url="jar://D:/Program Files/AdoptOpenJDK/jdk-15.0.1.9-hotspot/lib/src.zip!/jdk.incubator.foreign" type="simple" />
            <root url="jar://D:/Program Files/AdoptOpenJDK/jdk-15.0.1.9-hotspot/lib/src.zip!/jdk.incubator.jpackage" type="simple" />
            <root url="jar://D:/Program Files/AdoptOpenJDK/jdk-15.0.1.9-hotspot/lib/src.zip!/jdk.unsupported.desktop" type="simple" />
            <root url="jar://D:/Program Files/AdoptOpenJDK/jdk-15.0.1.9-hotspot/lib/src.zip!/jdk.internal.vm.compiler" type="simple" />
            <root url="jar://D:/Program Files/AdoptOpenJDK/jdk-15.0.1.9-hotspot/lib/src.zip!/jdk.internal.vm.compiler.management" type="simple" />
          </root>
        </sourcePath>
      </roots>
      <additional />
    </jdk>
  </component>
</application>