<application>
  <component name="SetterTemplates">
    <option name="defaultTempalteName" value="with property change event" />
    <option name="templates">
      <list>
        <TemplateResource>
          <option name="fileName" value="with property change event" />
          <option name="template" value="#set($paramName = $helper.getParamName($field, $project))&#10;public&#10;#if($field.modifierStatic)&#10;static ##&#10;#end&#10;void set$StringUtil.capitalizeWithJavaBeanConvention($StringUtil.sanitizeJavaIdentifier($helper.getPropertyName($field, $project)))($field.type $paramName) {&#10;  $field.type __o = this.$field.name;&#10;  #if ($field.name == $paramName)&#10;    #if (!$field.modifierStatic)&#10;      this.##&#10;    #else&#10;      $classname.##&#10;    #end&#10;  #end&#10;  $field.name = $paramName;&#10;  public static final String ${field.name}PropertyChanged = &quot;${field.name}PropertyChanged&quot;;&#10;  dispatchEvent(new PropertyChangedEvent&lt;$field.type&gt;(${field.name}PropertyChanged, $paramName, __o));&#10;}&#10;" />
        </TemplateResource>
      </list>
    </option>
  </component>
</application>