<application>
  <component name="ExportableFileTemplateSettings">
    <default_templates>
      <template name="ReactUiMvcPage.tsx" file-name="${name}Page" reformat="true" live-template-enabled="false">
        <template name="ReactUiMvcPage.tsx.child.0.ts" file-name="${name}PageRouter" reformat="true" live-template-enabled="false" />
        <template name="ReactUiMvcPage.tsx.child.1.ts" file-name="${name}PageModel" reformat="true" live-template-enabled="false" />
      </template>
      <template name="ReactUiMvcPage.tsx.child.0.ts" file-name="${name}PageRouter" reformat="true" live-template-enabled="false" />
      <template name="ReactUiMvcPage.tsx.child.1.ts" file-name="${name}PageModel" reformat="true" live-template-enabled="false" />
    </default_templates>
  </component>
</application>